194444.444444444;194444.444444444;29.855;44.6172222222222;11.725;27.1794444444444;57.0402777777778;15.54;15.2055555555556;22.2113888888889;53.4916666666667;15.2055555555556;23.7591666666667;29.5127777777778;22.435;23.2419444444444;23.3177777777778;12.6777777777778;22.1355555555556;23.3177777777778;30.7494444444444;37.9322222222222;53.6783333333333;71.2911111111111;28.8516666666667;30.6580555555556;36.4758333333333;15.3241666666667;24.2958333333333;50.9697222222222;60.8747222222222;50.9697222222222;23.4052777777778;17.7702777777778;26.3277777777778;48.4458333333333;9.81944444444444;12.0380555555556;19.145;13.6402777777778;22.435;25.025;15.6936111111111;65.5141666666667;67.4061111111111;45.6108333333333;18.4916666666667;4.91944444444444;14.5833333333333;18.4916666666667;18.0619444444444;27.4555555555556;33.5008333333333;20.3311111111111;26.8994444444444;23.4052777777778;13.2513888888889;23.4052777777778;14.1244444444444;23.4052777777778;56.3091666666667;24.2686111111111;24.6302777777778;19.4988888888889;19.4988888888889;19.4988888888889;19.4988888888889;19.4988888888889;19.4988888888889
194444.444444444;194444.444444444;29.855;44.6172222222222;11.725;27.1794444444444;57.0402777777778;15.54;15.2055555555556;22.2113888888889;53.4916666666667;15.2055555555556;23.7591666666667;29.5127777777778;22.435;23.2419444444444;23.3177777777778;12.6777777777778;22.1355555555556;23.3177777777778;30.7494444444444;37.9322222222222;53.6783333333333;71.2911111111111;28.8516666666667;30.6580555555556;36.4758333333333;15.3241666666667;24.2958333333333;50.9697222222222;60.8747222222222;50.9697222222222;23.4052777777778;17.7702777777778;26.3277777777778;48.4458333333333;9.81944444444444;12.0380555555556;19.145;13.6402777777778;22.435;25.025;15.6936111111111;65.5141666666667;67.4061111111111;45.6108333333333;18.4916666666667;4.91944444444444;14.5833333333333;18.4916666666667;18.0619444444444;27.4555555555556;33.5008333333333;20.3311111111111;26.8994444444444;23.4052777777778;13.2513888888889;23.4052777777778;14.1244444444444;23.4052777777778;56.3091666666667;24.2686111111111;24.6302777777778;19.4988888888889;19.4988888888889;19.4988888888889;19.4988888888889;19.4988888888889;19.4988888888889
30.6075;30.6075;194444.444444444;30.0533333333333;35.9566666666667;35.5133333333333;61.3569444444444;27.3097222222222;20.5411111111111;25.9563888888889;48.9183333333333;20.5411111111111;25.2252777777778;29.6838888888889;44.7766666666667;26.3336111111111;23.3838888888889;33.0283333333333;27.7025;23.3838888888889;39.0833333333333;52.2102777777778;49.5541666666667;75.3025;29.0227777777778;34.7141666666667;57.4952777777778;40.8702777777778;27.0763888888889;53.8066666666667;64.3416666666667;53.8066666666667;19.2422222222222;30.2827777777778;22.3941666666667;62.7238888888889;29.9638888888889;33.0575;22.2872222222222;35.9819444444444;44.7766666666667;34.3855555555556;19.2655555555556;68.9811111111111;70.8730555555556;59.8888888888889;44.0377777777778;31.3152777777778;35.6027777777778;44.0377777777778;43.6080555555556;21.4647222222222;42.3538888888889;45.8772222222222;10.5816666666667;19.2422222222222;24.1577777777778;19.2422222222222;27.2338888888889;19.2422222222222;59.7761111111111;30.6094444444444;20.1036111111111;25.6277777777778;25.6472222222222;25.6666666666667;25.6861111111111;25.7055555555556;25.725
44.2108333333333;44.2108333333333;30.0377777777778;194444.444444444;49.56;54.6058333333333;70.4336111111111;40.9130555555556;34.1444444444444;39.5597222222222;43.1588888888889;34.1444444444444;38.8286111111111;43.2872222222222;58.38;39.9369444444444;42.4880555555556;46.6316666666667;41.3058333333333;42.4880555555556;58.1758333333333;65.8136111111111;46.8922222222222;86.345;42.6261111111111;48.3175;71.0986111111111;54.4736111111111;40.6797222222222;62.8833333333333;73.4183333333333;62.8833333333333;32.8455555555556;43.8861111111111;45.9783333333333;76.3272222222222;43.5672222222222;46.6608333333333;35.8905555555556;49.5852777777778;58.38;47.9888888888889;32.8688888888889;78.0577777777778;79.9497222222222;73.4922222222222;57.6411111111111;44.9186111111111;49.2061111111111;57.6411111111111;57.2113888888889;46.6258333333333;61.3822222222222;59.4805555555556;21.6475;32.8455555555556;37.7611111111111;32.8455555555556;40.8372222222222;32.8455555555556;68.8527777777778;44.2127777777778;33.7069444444444;39.2311111111111;39.2330555555556;39.235;39.2369444444444;39.2213888888889;39.2215833333333
11.8086111111111;11.8086111111111;34.3972222222222;49.1594444444444;194444.444444444;31.7216666666667;61.5825;19.6427777777778;19.7477777777778;24.4144444444444;54.74;19.7477777777778;25.0075;30.7611111111111;14.4763888888889;24.5;27.86;13.9261111111111;26.6777777777778;27.86;35.2916666666667;42.4744444444444;54.9266666666667;72.5394444444445;30.1;31.9063888888889;35.0291666666667;13.4711111111111;25.5441666666667;55.5119444444444;65.4169444444445;55.5119444444444;27.5469444444444;19.0186111111111;30.87;52.9880555555555;17.4436111111111;4.55972222222222;23.6872222222222;5.68166666666667;14.4763888888889;26.2733333333333;20.2358333333333;70.0563888888889;71.9483333333333;50.1530555555556;15.8025;13.7744444444444;13.1366666666667;15.8025;15.3727777777778;31.9977777777778;38.0430555555556;17.6419444444444;31.4416666666667;27.5469444444444;17.7936111111111;27.5469444444444;18.1319444444444;27.5469444444444;60.8513888888889;25.5169444444444;28.4958333333333;23.3644444444444;23.3663888888889;23.3683333333333;23.3702777777778;23.3547222222222;23.3549166666667
26.3647222222222;26.3647222222222;38.2083333333333;53.7172222222222;31.7138888888889;194444.444444444;45.9355555555556;28.2177777777778;24.3055555555556;33.2325;63.0408333333333;24.3055555555556;34.9611111111111;43.8063888888889;40.5338888888889;34.2630555555556;18.4586111111111;29.4544444444444;21.3908333333333;18.4586111111111;5.66222222222222;29.2969444444444;63.6766666666667;88.0677777777778;43.1452777777778;47.4347222222222;53.2525;31.8286111111111;41.0725;39.865;49.77;39.865;32.5052777777778;34.5469444444444;14.9527777777778;37.3411111111111;25.1844444444444;28.8147222222222;27.6888888888889;31.7391666666667;40.5338888888889;41.8016666666667;24.7936111111111;54.4094444444444;56.3013888888889;36.9755555555556;34.7375;27.0725;31.36;34.7375;34.3077777777778;17.1966666666667;13.7608333333333;36.5769444444444;35.9994444444444;32.5052777777778;22.4738888888889;32.5052777777778;28.1419444444444;32.5052777777778;45.2044444444444;41.0452777777778;34.8638888888889;33.6116666666667;33.6136111111111;33.6155555555556;33.6175;33.6019444444444;33.6021388888889
55.7025;55.7025;59.605;68.2208333333333;61.0516666666667;45.1111111111111;194444.444444444;57.5555555555556;53.6433333333333;62.5702777777778;92.3786111111111;53.6433333333333;64.2988888888889;73.1441666666667;69.8716666666667;63.6008333333333;56.6008333333333;58.7922222222222;57.6255555555556;56.6008333333333;43.6197222222222;35.07;93.0144444444445;117.405555555556;72.4830555555556;76.7725;82.5902777777778;58.4675;70.4102777777778;8.81222222222222;13.6383333333333;8.81222222222222;61.8430555555556;63.8847222222222;53.095;21.4919444444444;54.5222222222222;58.1525;57.5827777777778;61.0769444444444;69.8716666666667;71.1394444444445;54.1313888888889;17.1986111111111;20.1697222222222;31.0041666666667;64.6197222222222;56.4102777777778;60.6977777777778;64.6197222222222;64.19;55.3388888888889;41.9922222222222;66.4591666666667;62.4575;61.8430555555556;51.8116666666667;61.8430555555556;57.4797222222222;61.8430555555556;5.50666666666667;70.3830555555555;64.2016666666667;62.9494444444445;62.9513888888889;62.9533333333333;62.9552777777778;62.9572222222222;62.9591666666667
15.3747222222222;15.3747222222222;26.7030555555556;41.4652777777778;19.8411111111111;29.4855555555556;59.8013888888889;194444.444444444;9.58416666666667;9.76694444444444;44.2691666666667;9.58416666666667;11.4955555555556;24.9666666666667;28.6611111111111;10.7975;22.1180555555556;8.68194444444445;20.9358333333333;22.1180555555556;33.0555555555556;40.6933333333333;44.4558333333333;69.9688888888889;24.3055555555556;29.9969444444444;41.3797222222222;25.6375;21.3480555555556;53.7308333333333;63.6358333333333;53.7308333333333;9.59;10.1130555555556;24.4961111111111;51.2069444444444;17.5058333333333;16.9419444444444;15.5205555555556;19.8663888888889;28.6611111111111;25.2544444444444;12.4308333333333;68.2752777777778;70.1672222222222;48.3719444444444;28.805;15.4602777777778;15.6372222222222;28.805;28.3752777777778;26.2558333333333;36.2619444444444;30.6444444444444;23.7475;9.59;12.6408333333333;9.59;2.30416666666667;9.59;59.0702777777778;23.7047222222222;12.1041666666667;7.94111111111111;7.94305555555556;7.945;7.94694444444444;7.94888888888889;7.95083333333333
14.7797222222222;14.7797222222222;19.8683333333333;34.6305555555556;20.1288888888889;25.1747222222222;55.4905555555556;8.6275;194444.444444444;11.6277777777778;43.9541666666667;194444.444444444;13.3563888888889;24.7197222222222;28.9488888888889;12.6583333333333;15.2502777777778;14.3461111111111;14.0680555555556;15.2502777777778;28.7447222222222;36.3825;44.59;70.3383333333333;24.0586111111111;29.75;41.6675;25.0425;22.1122222222222;49.42;59.325;49.42;10.9005555555556;15.9541666666667;18.7405555555556;46.8961111111111;14.1361111111111;17.2297222222222;8.71888888888889;20.1541666666667;28.9488888888889;27.1152777777778;5.2675;63.9644444444444;65.8563888888889;44.0611111111111;28.21;15.4875;19.775;28.21;27.7802777777778;19.3880555555556;31.9511111111111;30.0494444444444;16.9127777777778;10.9005555555556;8.33;10.9005555555556;8.55166666666667;10.9005555555556;54.7594444444444;25.1688888888889;13.2902777777778;12.0069444444444;12.0088888888889;12.0108333333333;12.0127777777778;12.0147222222222;11.9991666666667
20.4925;20.4925;24.6575;39.4197222222222;23.9575;33.6816666666667;63.9975;9.84666666666667;11.2019444444444;194444.444444444;37.4927777777778;11.2019444444444;3.61861111111111;18.1902777777778;32.55;2.92055555555556;23.0513888888889;12.7983333333333;21.8691666666667;23.0513888888889;37.2516666666667;44.8894444444444;37.6794444444444;63.1925;17.5291666666667;23.0105555555556;37.3313888888889;30.7552777777778;14.9255555555556;57.9269444444444;67.8319444444444;57.9269444444444;6.58583333333333;6.21638888888889;26.5416666666667;55.4030555555556;22.6430555555556;21.0583333333333;16.4538888888889;23.9827777777778;32.55;17.3775;13.3641666666667;72.4713888888889;74.3633333333333;52.5680555555556;33.9227777777778;20.5780555555556;15.5866666666667;33.9227777777778;33.4930555555556;27.1891666666667;40.4580555555556;35.7622222222222;21.7019444444444;6.58583333333333;16.8369444444444;6.58583333333333;9.35666666666667;6.58583333333333;63.2663888888889;16.6211111111111;7.32277777777778;3.50194444444444;3.50388888888889;3.50583333333333;3.50777777777778;3.50972222222222;3.51166666666667
52.7138888888889;52.7138888888889;50.4991666666667;43.3163888888889;53.7075;64.7091666666667;95.025;45.4319444444444;44.2477777777778;37.6502777777778;194444.444444444;44.2477777777778;36.82;35.0252777777778;61.7147222222222;37.9283333333333;52.5913888888889;47.4075;51.4091666666667;52.5913888888889;68.2791666666667;75.9169444444444;16.8291666666667;54.2869444444444;36.9561111111111;42.1380555555556;66.4961111111111;62.7472222222222;35.0097222222222;88.9544444444444;98.8594444444444;88.9544444444444;38.1422222222222;41.9222222222222;56.0816666666667;86.4305555555556;53.6705555555556;50.8083333333333;45.9938888888889;53.7327777777778;61.7147222222222;42.3188888888889;42.9722222222222;103.498888888889;105.390833333333;83.5955555555555;64.8161111111111;53.4216666666667;45.1111111111111;64.8161111111111;64.3513888888889;56.7291666666667;71.4855555555556;66.9180555555556;45.3969444444444;38.1422222222222;47.8644444444444;38.1422222222222;44.9419444444445;38.1422222222222;94.2938888888889;38.5427777777778;36.435;38.1111111111111;38.1305555555556;38.15;38.1694444444444;38.1888888888889;38.2083333333333
14.7797222222222;14.7797222222222;19.8683333333333;34.6305555555556;20.1288888888889;25.1747222222222;55.4905555555556;8.6275;194444.444444444;11.6277777777778;43.9541666666667;194444.444444444;13.3563888888889;24.7197222222222;28.9488888888889;12.6583333333333;15.2502777777778;14.3461111111111;14.0680555555556;15.2502777777778;28.7447222222222;36.3825;44.59;70.3383333333333;24.0586111111111;29.75;41.6675;25.0425;22.1122222222222;49.42;59.325;49.42;10.9005555555556;15.9541666666667;18.7405555555556;46.8961111111111;14.1361111111111;17.2297222222222;8.71888888888889;20.1541666666667;28.9488888888889;27.1152777777778;5.2675;63.9644444444444;65.8563888888889;44.0611111111111;28.21;15.4875;19.775;28.21;27.7802777777778;19.3880555555556;31.9511111111111;30.0494444444444;16.9127777777778;10.9005555555556;8.33;10.9005555555556;8.55166666666667;10.9005555555556;54.7594444444444;25.1688888888889;13.2902777777778;12.0069444444444;12.0088888888889;12.0108333333333;12.0127777777778;12.0147222222222;11.9991666666667
23.3702777777778;23.3702777777778;24.6769444444444;39.4391666666667;24.3638888888889;36.2541666666667;66.57;13.2688888888889;13.7744444444444;3.90444444444444;36.9677777777778;13.7744444444444;194444.444444444;17.6652777777778;32.1786111111111;3.78583333333333;25.6238888888889;15.2444444444444;24.4416666666667;25.6238888888889;39.8241666666667;47.4619444444444;37.1544444444444;62.6675;17.0041666666667;22.6391666666667;36.96;33.4036111111111;13.2125;60.4994444444444;70.4044444444445;60.4994444444444;7.0525;7.34027777777778;29.1141666666667;57.9755555555556;25.2155555555556;21.4647222222222;19.0263888888889;24.3891666666667;32.1786111111111;17.0061111111111;15.9366666666667;75.0438888888889;76.9358333333333;55.1405555555556;35.4725;24.0002777777778;15.7675;35.4725;35.0077777777778;29.7616666666667;43.0305555555556;37.5744444444444;21.7213888888889;7.0525;19.4094444444444;7.0525;12.7788888888889;7.0525;65.8388888888889;13.9125;6.86388888888889;5.94805555555555;5.9325;5.93269444444445;5.93288888888889;5.93308333333333;5.93327777777778
29.6936111111111;29.6936111111111;30.0241666666667;44.7863888888889;30.6872222222222;44.2341666666667;74.55;25.1222222222222;23.7727777777778;17.6847222222222;35.2780555555556;23.7727777777778;16.8544444444444;194444.444444444;38.6944444444444;17.9627777777778;32.1163888888889;26.3355555555556;30.9341666666667;32.1163888888889;47.8041666666667;55.4419444444444;33.2247222222222;59.9025;4.63361111111111;9.05333333333333;43.4758333333333;39.7269444444444;6.41083333333333;68.4794444444444;78.3844444444444;68.4794444444444;17.8519444444444;21.7816666666667;35.6066666666667;65.9555555555555;33.1955555555556;27.7880555555556;25.5188888888889;30.7125;38.6944444444444;12.3977777777778;22.4972222222222;83.0238888888889;84.9158333333334;63.1205555555556;41.7958333333333;30.4013888888889;22.0908333333333;41.7958333333333;41.3311111111111;36.2541666666667;51.0105555555556;43.8977777777778;27.0686111111111;17.8519444444444;27.3894444444444;17.8519444444444;24.9763888888889;17.8519444444444;73.8188888888889;9.94388888888889;15.0947222222222;18.1455555555556;18.1475;18.1494444444444;18.1513888888889;18.1533333333333;18.1552777777778
21.8030555555556;21.8030555555556;43.1336111111111;57.8958333333333;14.4005555555556;40.4580555555556;70.3188888888889;28.3791666666667;28.4841666666667;33.1508333333333;63.1944444444444;28.4841666666667;33.04;39.2155555555556;194444.444444444;32.5325;36.5963888888889;22.6625;35.4141666666667;36.5963888888889;44.0280555555556;51.2108333333333;63.3811111111111;80.9938888888889;38.5544444444444;40.3608333333333;42.7933333333333;14.7213888888889;33.9986111111111;64.2483333333333;74.1533333333333;64.2483333333333;36.2833333333333;27.755;38.1247222222222;61.7244444444444;23.5958333333333;15.2872222222222;32.4236111111111;10.4941666666667;194444.444444444;34.7277777777778;28.9722222222222;78.7927777777778;80.6847222222222;58.8894444444444;13.5605555555556;22.5108333333333;21.8730555555556;13.5605555555556;13.0958333333333;40.3686111111111;46.7794444444445;17.395;40.1780555555556;36.2833333333333;26.53;36.2833333333333;26.8683333333333;36.2833333333333;69.5877777777778;33.9713888888889;37.2322222222222;32.1008333333333;32.0852777777778;32.0854722222222;32.0856666666667;32.0858611111111;32.0860555555556
21.6708333333333;21.6708333333333;25.7580555555556;40.5202777777778;22.6644444444444;34.7822222222222;65.0980555555556;11.6763888888889;12.3025;2.44805555555556;38.29;12.3025;2.81944444444444;18.9875;30.9458333333333;194444.444444444;24.1519444444444;12.8080555555556;22.9697222222222;24.1519444444444;38.3522222222222;45.99;38.4766666666667;62.0394444444444;18.3263888888889;21.4063888888889;35.7272222222222;31.7041666666667;15.0441666666667;59.0275;68.9325;59.0275;7.68638888888889;4.89222222222222;27.6422222222222;56.5036111111111;23.7436111111111;19.7652777777778;17.5544444444444;22.6897222222222;30.9458333333333;15.7733333333333;14.4647222222222;73.5719444444444;75.4638888888889;53.6686111111111;33.7730555555556;22.1083333333333;14.2625;33.7730555555556;33.3083333333333;28.2897222222222;41.5586111111111;35.875;22.8025;7.68638888888889;17.9375;7.68638888888889;11.4333333333333;7.68638888888889;64.3669444444444;15.0169444444444;8.18611111111111;4.6025;4.60444444444444;4.60638888888889;4.59083333333333;4.59102777777778;4.59122222222222
23.5355555555556;23.5355555555556;23.9302777777778;43.085;28.8847222222222;17.2122222222222;56.1322222222222;21.8516666666667;15.5341666666667;23.7358333333333;52.4086111111111;15.5341666666667;25.4644444444444;33.1741666666667;37.7047222222222;24.7663888888889;194444.444444444;26.6252777777778;6.02972222222222;194444.444444444;20.7822222222222;39.4586111111111;53.0444444444444;78.7927777777778;32.5130555555556;38.2044444444444;50.4233333333333;30.3819444444444;30.5666666666667;50.0616666666667;59.9666666666667;50.0616666666667;23.0086111111111;28.0622222222222;4.95638888888889;47.5377777777778;20.895;25.9855555555556;12.3277777777778;28.91;37.7047222222222;37.8758333333333;13.2008333333333;64.6061111111111;66.4980555555556;47.1372222222222;33.5494444444444;23.5161111111111;28.5308333333333;33.5494444444444;33.1197222222222;5.22083333333333;24.0527777777778;35.3888888888889;25.3672222222222;23.0086111111111;16.2108333333333;23.0086111111111;21.7758333333333;23.0086111111111;55.4011111111111;34.0997222222222;24.2316666666667;24.115;24.1169444444444;24.1188888888889;24.1208333333333;24.1227777777778;24.1247222222222
12.4794444444444;12.4794444444444;31.3580555555556;46.1202777777778;13.4730555555556;31.1344444444444;60.9952777777778;7.98972222222222;14.0077777777778;14.3597222222222;48.6130555555555;14.0077777777778;16.0825;25.0852777777778;22.2930555555556;14.5308333333333;26.7730555555556;194444.444444444;25.5908333333333;26.7730555555556;34.7044444444444;41.8872222222222;48.7997222222222;66.8636111111111;24.4241666666667;26.2305555555556;35.0116666666667;22.5127777777778;19.8683333333333;54.9247222222222;64.8297222222222;54.9247222222222;15.8938888888889;9.76305555555555;28.9197222222222;52.4008333333333;15.8122222222222;10.5738888888889;20.1755555555556;13.4983333333333;22.2930555555556;20.5975;17.0858333333333;69.4691666666667;71.3611111111111;49.5658333333333;24.5816666666667;13.1697222222222;10.3872222222222;24.5816666666667;24.1169444444444;30.9108333333333;37.4558333333333;26.6836111111111;28.4025;15.8938888888889;16.0980555555556;15.8938888888889;6.47888888888889;15.8938888888889;60.2641666666667;19.8411111111111;16.8427777777778;11.7113888888889;11.7133333333333;11.7152777777778;11.7172222222222;11.7191666666667;11.7211111111111
21.6747222222222;21.6747222222222;22.7538888888889;41.2241666666667;27.0238888888889;21.0875;59.2375;19.9908333333333;13.6733333333333;21.875;50.5477777777778;13.6733333333333;23.6036111111111;31.3133333333333;35.8438888888889;22.9055555555556;5.46972222222222;24.7644444444444;194444.444444444;5.46972222222222;24.6575;40.1294444444444;51.1836111111111;76.9319444444444;30.6522222222222;36.3436111111111;48.5625;30.5413888888889;28.7058333333333;53.1669444444444;63.0719444444444;53.1669444444444;21.1477777777778;26.2013888888889;8.96;50.6430555555556;19.0341666666667;24.1247222222222;10.4669444444444;27.0491666666667;35.8438888888889;36.015;11.34;67.7113888888889;69.6033333333333;47.8080555555556;33.7088888888889;21.6552777777778;26.67;33.7088888888889;33.2791666666667;9.6075;27.9280555555556;35.5483333333333;23.5063888888889;21.1477777777778;14.35;21.1477777777778;19.915;21.1477777777778;58.5063888888889;32.2388888888889;22.3708333333333;22.2541666666667;22.2561111111111;22.2580555555556;22.26;22.2619444444444;22.2463888888889
23.5355555555556;23.5355555555556;23.9302777777778;43.085;28.8847222222222;17.2122222222222;56.1322222222222;21.8516666666667;15.5341666666667;23.7358333333333;52.4086111111111;15.5341666666667;25.4644444444444;33.1741666666667;37.7047222222222;24.7663888888889;194444.444444444;26.6252777777778;6.02972222222222;194444.444444444;20.7822222222222;39.4586111111111;53.0444444444444;78.7927777777778;32.5130555555556;38.2044444444444;50.4233333333333;30.3819444444444;30.5666666666667;50.0616666666667;59.9666666666667;50.0616666666667;23.0086111111111;28.0622222222222;4.95638888888889;47.5377777777778;20.895;25.9855555555556;12.3277777777778;28.91;37.7047222222222;37.8758333333333;13.2008333333333;64.6061111111111;66.4980555555556;47.1372222222222;33.5494444444444;23.5161111111111;28.5308333333333;33.5494444444444;33.1197222222222;5.22083333333333;24.0527777777778;35.3888888888889;25.3672222222222;23.0086111111111;16.2108333333333;23.0086111111111;21.7758333333333;23.0086111111111;55.4011111111111;34.0997222222222;24.2316666666667;24.115;24.1169444444444;24.1188888888889;24.1208333333333;24.1227777777778;24.1247222222222
29.9911111111111;29.9911111111111;41.8347222222222;57.3436111111111;35.3402777777778;5.67388888888889;44.4227777777778;31.8441666666667;27.9319444444444;36.8588888888889;66.6672222222222;27.9319444444444;38.5875;47.4327777777778;44.1602777777778;37.8894444444444;22.085;33.0808333333333;25.0172222222222;22.085;194444.444444444;27.7841666666667;67.3030555555556;91.6941666666667;46.7716666666667;51.0611111111111;56.8788888888889;35.455;44.6988888888889;38.3522222222222;48.2572222222222;38.3522222222222;36.1316666666667;38.1733333333333;18.5791666666667;35.8283333333333;28.8108333333333;32.4411111111111;31.3152777777778;35.3655555555556;44.1602777777778;45.4280555555556;28.42;52.8966666666667;54.7886111111111;35.4627777777778;38.3638888888889;30.6988888888889;34.9863888888889;38.3638888888889;37.9341666666667;20.8230555555556;8.09861111111111;40.2033333333333;39.6258333333333;36.1316666666667;26.1002777777778;36.1316666666667;31.7683333333333;36.1316666666667;43.6916666666667;44.6716666666667;38.4902777777778;37.2380555555556;37.24;37.2419444444444;37.2438888888889;37.2458333333333;37.2477777777778
37.9205555555556;37.9205555555556;50.5108333333333;65.2730555555556;43.2697222222222;28.7622222222222;34.3505555555556;39.7736111111111;35.8613888888889;44.7883333333333;74.5966666666667;35.8613888888889;46.5169444444444;55.3622222222222;52.0897222222222;45.8188888888889;40.2519444444444;41.0102777777778;39.8436111111111;40.2519444444444;27.2708333333333;194444.444444444;75.2325;99.6236111111111;54.7011111111111;58.9905555555556;64.8083333333333;40.6855555555556;52.6283333333333;28.28;38.185;28.28;44.0611111111111;46.1027777777778;36.7461111111111;25.7561111111111;36.7402777777778;40.3705555555555;39.8008333333333;43.295;52.0897222222222;53.3575;36.3494444444445;42.8244444444444;44.7163888888889;18.6627777777778;46.8280555555556;38.6283333333333;42.9158333333333;46.8280555555556;46.4080555555556;38.99;25.6433333333333;46.6044444444444;47.5552777777778;44.0611111111111;34.0297222222222;44.0611111111111;39.6977777777778;44.0611111111111;33.6194444444444;52.6011111111111;46.4197222222222;45.1675;45.1519444444444;45.1521388888889;45.1523333333333;45.1525277777778;45.1527222222222
53.2777777777778;53.2777777777778;51.0630555555556;47.4677777777778;54.2713888888889;65.2730555555556;95.5888888888889;45.9958333333333;44.8116666666667;38.2141666666667;17.3891666666667;44.8116666666667;37.3838888888889;33.1663888888889;62.2786111111111;38.4922222222222;53.1552777777778;47.9713888888889;51.9730555555556;53.1552777777778;68.8430555555556;76.4808333333333;194444.444444444;53.9427777777778;35.6183333333333;36.2988888888889;67.06;63.3111111111111;35.5736111111111;89.5183333333333;99.4233333333333;89.5183333333333;38.7061111111111;42.4861111111111;56.6455555555556;86.9944444444444;54.2344444444444;51.3722222222222;46.5577777777778;54.2966666666667;62.2786111111111;42.3402777777778;43.5361111111111;104.062777777778;105.954722222222;84.1594444444444;65.38;53.9855555555556;45.675;65.38;64.9152777777778;57.2930555555556;72.0494444444444;67.4819444444445;45.9608333333333;38.7061111111111;48.4283333333333;38.7061111111111;45.5058333333333;38.7061111111111;94.8577777777778;39.1066666666667;36.9988888888889;38.675;38.6944444444444;38.7138888888889;38.7333333333333;38.7527777777778;38.7722222222222
74.9738888888889;74.9738888888889;74.0152777777778;85.0422222222222;75.9675;88.2252777777778;118.541111111111;68.9480555555556;67.7638888888889;61.1663888888889;52.2861111111111;67.7638888888889;60.3361111111111;59.4980555555556;83.9747222222222;61.4444444444444;76.1075;70.9236111111111;74.9252777777778;76.1075;91.7952777777778;99.4330555555556;50.9347222222222;194444.444444444;59.9044444444445;59.7352777777778;74.5402777777778;85.0072222222222;58.5258333333333;112.470555555556;122.375555555556;112.470555555556;61.6583333333333;65.4383333333333;79.5977777777778;109.946666666667;77.1866666666667;73.0683333333333;69.51;75.9927777777778;83.9747222222222;59.4475;66.4883333333333;127.015;128.906944444444;107.111666666667;87.0761111111111;75.6816666666667;67.3711111111111;87.0761111111111;86.6113888888889;80.2452777777778;95.0016666666667;89.1780555555556;71.0597222222222;61.6583333333333;71.3805555555556;61.6583333333333;68.4580555555555;61.6583333333333;117.81;59.7722222222222;59.9511111111111;61.6272222222222;61.6291666666667;61.6311111111111;61.6330555555556;61.635;61.6369444444444
29.4155555555556;29.4155555555556;29.7461111111111;44.5083333333333;30.4091666666667;43.9561111111111;74.2719444444444;24.8441666666667;23.4947222222222;17.4066666666667;37.5452777777778;23.4947222222222;16.5763888888889;4.65888888888889;38.4163888888889;17.6847222222222;31.8383333333333;26.0575;30.6561111111111;31.8383333333333;47.5261111111111;55.1638888888889;35.8536111111111;56.7952777777778;194444.444444444;6.83861111111111;43.1977777777778;39.4488888888889;5.93055555555556;68.2013888888889;78.1063888888889;68.2013888888889;17.5738888888889;21.5036111111111;35.3286111111111;65.6775;32.9175;27.51;25.2408333333333;30.4344444444444;38.4163888888889;9.29055555555555;22.2191666666667;82.7458333333333;84.6377777777778;62.8425;41.5177777777778;30.1233333333333;21.8127777777778;41.5177777777778;41.0530555555556;35.9761111111111;50.7325;43.6197222222222;26.7905555555556;17.5738888888889;27.1113888888889;17.5738888888889;24.6983333333333;17.5738888888889;73.5408333333333;9.66583333333333;15.2211111111111;17.8675;17.8519444444444;17.8521388888889;17.8523333333333;17.8525277777778;17.8527222222222
32.3225;32.3225;35.2994444444444;50.0616666666667;33.3161111111111;49.5094444444444;79.8252777777778;30.3975;29.0480555555556;22.96;42.42;29.0480555555556;22.1297222222222;8.93861111111111;41.3233333333333;23.2380555555556;37.3916666666667;28.9644444444444;36.2094444444445;37.3916666666667;53.0794444444444;60.7172222222222;35.6708333333333;54.8663888888889;6.79;194444.444444444;46.1047222222222;42.3558333333333;11.4838888888889;73.7547222222222;83.6597222222222;73.7547222222222;23.1272222222222;24.4105555555556;40.8819444444444;71.2308333333333;36.1647222222222;30.4169444444444;30.7941666666667;33.3413888888889;41.3233333333333;15.5225;27.7725;88.2991666666667;90.1911111111111;68.3958333333333;44.4247222222222;33.0302777777778;24.7197222222222;44.4247222222222;43.96;41.5294444444444;56.2858333333333;46.5266666666667;32.3438888888889;23.1272222222222;32.6647222222222;23.1272222222222;30.2516666666667;23.1272222222222;79.0941666666667;15.2191666666667;20.7744444444444;23.4208333333333;23.4227777777778;23.4247222222222;23.4266666666667;23.4286111111111;23.4130555555556
36.9075;36.9075;58.2380555555556;73.0002777777778;36.5497222222222;55.5625;85.4233333333333;43.4836111111111;43.5886111111111;40.3686111111111;69.9202777777778;43.5886111111111;39.7658333333333;45.9413888888889;43.9988888888889;39.2583333333333;51.7008333333333;37.7669444444444;50.5186111111111;51.7008333333333;59.1325;66.3152777777778;69.4613888888889;73.7236111111111;45.2802777777778;47.0866666666667;194444.444444444;45.5894444444444;40.7244444444445;79.3527777777778;89.2577777777778;79.3527777777778;44.9361111111111;38.5194444444444;54.7108333333333;76.8288888888889;41.2844444444444;33.6505555555556;47.5280555555556;36.575;43.9988888888889;41.4536111111111;44.0766666666667;93.8972222222222;95.7891666666667;73.9938888888889;47.6583333333333;37.6152777777778;33.9441666666667;47.6583333333333;47.1936111111111;55.8386111111111;61.8838888888889;49.7602777777778;55.2825;44.9361111111111;41.6344444444444;44.9361111111111;41.9727777777778;44.9361111111111;84.6922222222222;40.6972222222222;45.1325;41.6655555555556;41.6675;41.6519444444444;41.6521388888889;41.6523333333333;41.6525277777778
14.9411111111111;14.9411111111111;39.3594444444444;54.1216666666667;13.1522222222222;31.3133333333333;58.5997222222222;25.0444444444444;24.71;31.7158333333333;62.9961111111111;24.71;33.2636111111111;39.0172222222222;14.4258333333333;32.7463888888889;31.2277777777778;22.1822222222222;30.0455555555556;31.2277777777778;34.8833333333333;39.4916666666667;63.1827777777778;80.7955555555556;38.3561111111111;40.1625;43.6955555555556;194444.444444444;33.8002777777778;52.5291666666667;62.4341666666667;52.5291666666667;32.9097222222222;27.2747222222222;28.5444444444444;50.0052777777778;14.0155555555556;15.2172222222222;28.6494444444444;11.9155555555556;14.4258333333333;34.5294444444444;25.1980555555556;67.0736111111111;68.9655555555556;47.1702777777778;7.13611111111111;15.6488888888889;21.8030555555556;7.13611111111111;6.70638888888889;30.7883333333333;37.0747222222222;8.97555555555556;36.4038888888889;32.9097222222222;22.7558333333333;32.9097222222222;23.6288888888889;32.9097222222222;57.8686111111111;33.7730555555556;34.1347222222222;29.0033333333333;29.0052777777778;29.0072222222222;29.0091666666667;28.9936111111111;28.9938055555556
24.8811111111111;24.8811111111111;27.7297222222222;42.4919444444444;25.8747222222222;41.9397222222222;72.2555555555555;22.0344444444444;21.4783333333333;14.8808333333333;35.5288888888889;21.4783333333333;13.055;6.86583333333333;33.8819444444444;15.1588888888889;29.8219444444444;21.5230555555556;28.6397222222222;29.8219444444444;45.5097222222222;53.1475;35.7155555555556;55.8347222222222;6.00833333333333;11.6997222222222;38.6633333333333;34.9144444444444;194444.444444444;66.185;76.09;66.185;14.7641666666667;16.9691666666667;33.3122222222222;63.6611111111111;28.7233333333333;22.9755555555556;23.2244444444444;25.9;33.8819444444444;8.96;20.2027777777778;80.7294444444445;82.6213888888889;60.8261111111111;36.9833333333333;25.5888888888889;17.2783333333333;36.9833333333333;36.5186111111111;33.9597222222222;48.7161111111111;39.0852777777778;24.7741666666667;14.7641666666667;25.095;14.7641666666667;22.0013888888889;14.7641666666667;71.5244444444445;5.18388888888889;13.1736111111111;15.3416666666667;15.3611111111111;15.3805555555556;15.4;15.4194444444444;15.4388888888889
49.7972222222222;49.7972222222222;54.215;62.8308333333333;55.1463888888889;39.2058333333333;9.56083333333333;51.6502777777778;47.7380555555556;56.665;86.4733333333333;47.7380555555556;58.3936111111111;67.2388888888889;63.9663888888889;57.6955555555556;50.6955555555556;52.8869444444444;51.7202777777778;50.6955555555556;37.7144444444444;29.1647222222222;87.1091666666667;111.500277777778;66.5777777777778;70.8672222222222;76.685;52.5622222222222;64.505;194444.444444444;14.5269444444444;194444.444444444;55.9377777777778;57.9794444444444;47.1897222222222;15.5866666666667;48.6169444444444;52.2472222222222;51.6775;55.1716666666667;63.9663888888889;65.2341666666667;48.2261111111111;19.1663888888889;21.0583333333333;25.0988888888889;58.7144444444444;50.505;54.7925;58.7144444444444;58.2847222222222;49.4336111111111;36.0869444444444;60.5538888888889;57.0675;55.9377777777778;45.9063888888889;55.9377777777778;51.5744444444444;55.9377777777778;9.96138888888889;64.4777777777778;58.2963888888889;57.0441666666667;57.0461111111111;57.0480555555556;57.0325;57.0326944444444;57.0328888888889
61.0847222222222;61.0847222222222;64.4213888888889;73.0372222222222;66.4338888888889;50.4933333333333;13.8211111111111;62.9377777777778;59.0255555555556;67.9525;97.7608333333333;59.0255555555556;69.6811111111111;78.5263888888889;75.2538888888889;68.9830555555556;61.9830555555556;64.1744444444444;63.0077777777778;61.9830555555556;49.0019444444444;40.4522222222222;98.3966666666667;122.787777777778;77.8652777777778;82.1547222222222;87.9725;63.8497222222222;75.7925;14.2780555555556;194444.444444444;14.2780555555556;67.2252777777778;69.2669444444444;58.4772222222222;26.8741666666667;59.9044444444445;63.5347222222222;62.965;66.4591666666667;75.2538888888889;76.5216666666667;59.5136111111111;8.82777777777778;8.65666666666667;36.3863888888889;70.0019444444444;61.7925;66.08;70.0019444444444;69.5722222222222;60.7211111111111;47.3744444444444;71.8413888888889;67.2738888888889;67.2252777777778;57.1938888888889;67.2252777777778;62.8619444444444;67.2252777777778;8.1375;75.7652777777778;69.5838888888889;68.3316666666667;68.3336111111111;68.3355555555556;68.3375;68.3394444444444;68.3413888888889
49.7972222222222;49.7972222222222;54.215;62.8308333333333;55.1463888888889;39.2058333333333;9.56083333333333;51.6502777777778;47.7380555555556;56.665;86.4733333333333;47.7380555555556;58.3936111111111;67.2388888888889;63.9663888888889;57.6955555555556;50.6955555555556;52.8869444444444;51.7202777777778;50.6955555555556;37.7144444444444;29.1647222222222;87.1091666666667;111.500277777778;66.5777777777778;70.8672222222222;76.685;52.5622222222222;64.505;194444.444444444;14.5269444444444;194444.444444444;55.9377777777778;57.9794444444444;47.1897222222222;15.5866666666667;48.6169444444444;52.2472222222222;51.6775;55.1716666666667;63.9663888888889;65.2341666666667;48.2261111111111;19.1663888888889;21.0583333333333;25.0988888888889;58.7144444444444;50.505;54.7925;58.7144444444444;58.2847222222222;49.4336111111111;36.0869444444444;60.5538888888889;57.0675;55.9377777777778;45.9063888888889;55.9377777777778;51.5744444444444;55.9377777777778;9.96138888888889;64.4777777777778;58.2963888888889;57.0441666666667;57.0461111111111;57.0480555555556;57.0325;57.0326944444444;57.0328888888889
22.6644444444444;22.6644444444444;18.6161111111111;33.3783333333333;26.6738888888889;33.0594444444444;63.3752777777778;10.3113888888889;10.5797222222222;7.3675;38.0625;10.5797222222222;7.31111111111111;18.5577777777778;35.4938888888889;7.945;21.5677777777778;15.5147222222222;20.3855555555556;21.5677777777778;36.6294444444444;44.2672222222222;38.2491666666667;63.7622222222222;17.8966666666667;23.5880555555556;42.3558333333333;32.9272222222222;14.8633333333333;57.3047222222222;67.2097222222222;57.3047222222222;194444.444444444;11.6938888888889;25.0580555555556;54.7808333333333;22.0208333333333;23.7747222222222;14.9702777777778;26.6991666666667;35.4938888888889;22.2833333333333;11.9486111111111;71.8491666666667;73.7411111111111;51.9458333333333;36.0947222222222;23.2302777777778;19.7866666666667;36.0947222222222;35.665;25.7055555555556;39.8358333333333;37.9341666666667;15.6605555555556;194444.444444444;16.2147222222222;194444.444444444;10.8130555555556;194444.444444444;62.6441666666667;17.4980555555556;4.48388888888889;7.03888888888889;7.05833333333333;7.07777777777778;7.09722222222222;7.11666666666667;7.13611111111111
17.29;17.29;29.1997222222222;43.9619444444444;18.2836111111111;35.8847222222222;65.8058333333333;9.73388888888889;15.7441666666667;5.88972222222222;42.035;15.7441666666667;7.6125;20.7744444444444;27.1036111111111;6.06083333333333;27.5936111111111;8.31444444444445;26.4113888888889;27.5936111111111;39.4547222222222;46.6977777777778;42.2216666666667;62.5527777777778;20.1133333333333;21.9197222222222;36.2405555555556;27.3233333333333;15.5575;59.7352777777778;69.6402777777778;59.7352777777778;11.1280555555556;194444.444444444;30.8952777777778;57.2113888888889;20.2572222222222;15.3844444444444;20.9961111111111;18.3088888888889;27.1036111111111;16.2866666666667;17.9063888888889;74.2797222222222;76.1716666666667;54.3763888888889;29.3922222222222;17.6147222222222;9.88166666666667;29.3922222222222;28.9275;31.7313888888889;42.2663888888889;31.4941666666667;26.2441666666667;11.1280555555556;19.04;11.1280555555556;8.22305555555556;11.1280555555556;65.0747222222222;15.5302777777778;11.865;5.79055555555556;5.7925;5.77694444444445;5.77713888888889;5.77733333333333;5.77752777777778
25.2991666666667;25.2991666666667;23.3838888888889;46.1144444444444;30.6483333333333;14.8788888888889;53.7988888888889;22.9988888888889;18.5636111111111;26.7652777777778;55.4380555555556;18.5636111111111;28.4938888888889;36.2036111111111;37.9575;27.7958333333333;5.4425;28.3888888888889;9.05916666666667;5.4425;18.4488888888889;37.1602777777778;56.0738888888889;81.8222222222222;35.5425;41.2338888888889;52.1869444444444;28.5288888888889;33.5961111111111;47.7283333333333;57.6333333333333;47.7283333333333;26.0380555555556;30.4305555555556;194444.444444444;45.2044444444444;22.6586111111111;27.7491666666667;15.3572222222222;30.6736111111111;37.9575;40.7361111111111;16.2302777777778;62.2727777777778;64.1647222222222;44.8388888888889;31.6963888888889;25.2797222222222;30.2944444444444;31.6963888888889;31.2666666666667;2.33722222222222;21.7194444444444;33.5358333333333;28.3966666666667;26.0380555555556;17.255;26.0380555555556;22.9230555555556;26.0380555555556;53.0677777777778;37.1291666666667;27.2611111111111;27.1444444444444;27.1444444444444;27.1444444444444;27.1444444444444;27.1444444444444;27.1444444444444
46.9252777777778;46.9252777777778;59.5155555555556;74.2777777777778;52.2744444444444;36.3338888888889;22.6313888888889;48.7783333333333;44.8661111111111;53.7930555555556;83.6013888888889;44.8661111111111;55.5216666666667;64.3669444444444;61.0944444444444;54.8236111111111;47.8236111111111;50.015;48.8483333333333;47.8236111111111;34.8425;25.7813888888889;84.2372222222222;108.628333333333;63.7058333333333;67.9952777777778;73.8130555555556;49.6902777777778;61.6330555555556;16.5608333333333;26.4658333333333;16.5608333333333;53.0658333333333;55.1075;44.3177777777778;194444.444444444;45.745;49.3752777777778;48.8055555555556;52.2997222222222;61.0944444444444;62.3622222222222;45.3541666666667;31.1052777777778;32.9972222222222;21.5697222222222;55.8425;47.6330555555556;51.9205555555556;55.8425;55.4127777777778;46.5616666666667;32.8027777777778;57.6819444444444;56.56;53.0658333333333;43.0344444444444;53.0658333333333;48.7025;53.0658333333333;21.9002777777778;61.6058333333333;55.4244444444444;54.1722222222222;54.1722222222222;54.1722222222222;54.1722222222222;54.1722222222222;54.1722222222222
8.61972222222222;8.61972222222222;28.1497222222222;42.9119444444445;17.0119444444444;25.48;55.3408333333333;16.6055555555556;13.5002777777778;22.4272222222222;52.2355555555556;13.5002777777778;24.1558333333333;32.1008333333333;23.6911111111111;23.4577777777778;19.8586111111111;15.2658333333333;18.6763888888889;19.8586111111111;29.05;36.2327777777778;52.8713888888889;73.8791666666667;31.4397222222222;33.2461111111111;39.0638888888889;14.2625;26.8838888888889;49.2702777777778;59.1752777777778;49.2702777777778;21.7;20.3544444444444;22.8686111111111;46.7463888888889;194444.444444444;14.6261111111111;17.4397222222222;17.5505555555556;23.6911111111111;27.6130555555556;13.9883333333333;63.8147222222222;65.7066666666667;43.9113888888889;17.43;7.84;17.1713888888889;17.43;17.0002777777778;23.9963888888889;31.8013888888889;19.2694444444444;25.1941666666667;21.7;11.5461111111111;21.7;15.19;21.7;54.6097222222222;26.8566666666667;24.0586111111111;21.2819444444444;21.2838888888889;21.2858333333333;21.2877777777778;21.2897222222222;21.2741666666667
10.3833333333333;10.3833333333333;31.7138888888889;46.4761111111111;4.62388888888889;29.0383333333333;58.8991666666667;16.9594444444444;17.0644444444444;21.7311111111111;52.0566666666667;17.0644444444444;22.3241666666667;28.0777777777778;15.3475;21.8166666666667;25.1766666666667;11.2427777777778;23.9944444444444;25.1766666666667;32.6083333333333;39.7911111111111;52.2433333333333;69.8561111111111;27.4166666666667;29.2230555555556;32.3458333333333;15.5672222222222;22.8608333333333;52.8286111111111;62.7336111111111;52.8286111111111;24.8636111111111;16.3352777777778;28.1866666666667;50.3047222222222;14.7602777777778;194444.444444444;21.0038888888889;6.55277777777778;15.3475;23.59;17.5525;67.3730555555556;69.265;47.4697222222222;17.6361111111111;11.0911111111111;10.4533333333333;17.6361111111111;17.1713888888889;29.3144444444444;35.3597222222222;19.7380555555556;28.7583333333333;24.8636111111111;15.1102777777778;24.8636111111111;15.4486111111111;24.8636111111111;58.1680555555556;22.8336111111111;25.8125;20.6811111111111;20.6830555555556;20.685;20.6869444444444;20.6713888888889;20.6715833333333
19.0555555555556;19.0555555555556;20.7938888888889;35.5561111111111;24.4047222222222;26.8761111111111;59.6983333333333;14.3227777777778;8.44083333333333;16.2069444444444;44.8797222222222;8.44083333333333;17.9355555555556;25.6452777777778;33.2247222222222;17.2375;11.2583333333333;20.0413888888889;10.0761111111111;11.2583333333333;30.4461111111111;40.5902777777778;45.5155555555556;71.2638888888889;24.9841666666667;30.6755555555556;45.9433333333333;29.3183333333333;23.0377777777778;53.6277777777778;63.5327777777778;53.6277777777778;15.4797222222222;20.5333333333333;14.7486111111111;51.1038888888889;18.4119444444444;21.5055555555556;194444.444444444;24.43;33.2247222222222;30.3469444444444;5.67194444444444;68.1722222222222;70.0641666666667;48.2688888888889;32.4858333333333;19.7633333333333;24.0508333333333;32.4858333333333;32.0561111111111;15.3961111111111;33.7166666666667;34.3252777777778;17.8383333333333;15.4797222222222;12.6058333333333;15.4797222222222;14.2469444444444;15.4797222222222;58.9672222222222;26.5708333333333;16.7027777777778;16.5861111111111;16.5861111111111;16.5861111111111;16.5861111111111;16.5861111111111;16.5861111111111
13.0938888888889;13.0938888888889;34.4244444444444;49.1866666666667;5.69138888888889;31.7488888888889;61.6097222222222;19.67;19.775;24.4416666666667;54.7672222222222;19.775;25.0347222222222;30.7883333333333;10.6983333333333;24.5272222222222;27.8872222222222;13.9533333333333;26.705;27.8872222222222;35.3188888888889;42.5016666666667;54.9538888888889;72.5666666666667;30.1272222222222;31.9336111111111;35.0563888888889;12.3511111111111;25.5713888888889;55.5391666666667;65.4441666666667;55.5391666666667;27.5741666666667;19.0458333333333;30.8972222222222;53.0152777777778;17.4708333333333;6.57805555555556;23.7144444444444;194444.444444444;10.6983333333333;26.3005555555556;20.2630555555556;70.0836111111111;71.9755555555555;50.1802777777778;11.0833333333333;13.8016666666667;13.1638888888889;11.0833333333333;10.6186111111111;32.025;38.0702777777778;14.9177777777778;31.4688888888889;27.5741666666667;17.8208333333333;27.5741666666667;18.1591666666667;27.5741666666667;60.8786111111111;25.5441666666667;28.5230555555556;23.3916666666667;23.3916666666667;23.3916666666667;23.3916666666667;23.3916666666667;23.3916666666667
21.8030555555556;21.8030555555556;43.1336111111111;57.8958333333333;14.4005555555556;40.4580555555556;70.3188888888889;28.3791666666667;28.4841666666667;33.1508333333333;63.1944444444444;28.4841666666667;33.04;39.2155555555556;194444.444444444;32.5325;36.5963888888889;22.6625;35.4141666666667;36.5963888888889;44.0280555555556;51.2108333333333;63.3811111111111;80.9938888888889;38.5544444444444;40.3608333333333;42.7933333333333;14.7213888888889;33.9986111111111;64.2483333333333;74.1533333333333;64.2483333333333;36.2833333333333;27.755;38.1247222222222;61.7244444444444;23.5958333333333;15.2872222222222;32.4236111111111;10.4941666666667;194444.444444444;34.7277777777778;28.9722222222222;78.7927777777778;80.6847222222222;58.8894444444444;13.5605555555556;22.5108333333333;21.8730555555556;13.5605555555556;13.0958333333333;40.3686111111111;46.7794444444445;17.395;40.1780555555556;36.2833333333333;26.53;36.2833333333333;26.8683333333333;36.2833333333333;69.5877777777778;33.9713888888889;37.2322222222222;32.1008333333333;32.0852777777778;32.0854722222222;32.0856666666667;32.0858611111111;32.0860555555556
25.0891666666667;25.0891666666667;35.2547222222222;50.0169444444444;26.0827777777778;43.7441666666667;73.605;26.0088888888889;28.5522222222222;19.0263888888889;43.0538888888889;28.5522222222222;18.4236111111111;12.4269444444444;34.09;17.9161111111111;37.3469444444444;21.7311111111111;36.1647222222222;37.3469444444444;47.3141666666667;54.4969444444444;41.4769444444444;56.4161111111111;9.31972222222222;15.3338888888889;38.8713888888889;35.1225;8.94444444444444;67.5344444444444;77.4394444444444;67.5344444444444;22.4194444444444;17.1772222222222;40.8372222222222;65.0105555555556;28.9313888888889;23.1836111111111;30.7494444444444;26.1080555555556;34.09;194444.444444444;27.7277777777778;82.0788888888889;83.9708333333333;62.1755555555556;37.1913888888889;25.7969444444444;17.4863888888889;37.1913888888889;36.7266666666667;41.4847222222222;50.0655555555556;39.2933333333333;32.2991666666667;22.4194444444444;29.8161111111111;22.4194444444444;24.4980555555556;22.4194444444444;72.8738888888889;9.14666666666667;20.7297222222222;20.3233333333333;20.3252777777778;20.3272222222222;20.3291666666667;20.3311111111111;20.3330555555556
15.7286111111111;15.7286111111111;18.1533333333333;32.9155555555556;21.0777777777778;26.1236111111111;56.4394444444444;11.6822222222222;5.11388888888889;13.5663888888889;42.2391666666667;5.11388888888889;15.295;23.0047222222222;29.8977777777778;14.5969444444444;12.5611111111111;17.4008333333333;11.3788888888889;12.5611111111111;29.6936111111111;37.3313888888889;42.875;68.6233333333333;22.3436111111111;28.035;42.6163888888889;25.9913888888889;20.3972222222222;50.3688888888889;60.2738888888889;50.3688888888889;12.8391666666667;17.8927777777778;16.0513888888889;47.845;15.085;18.1786111111111;5.96361111111111;21.1030555555556;29.8977777777778;27.7063888888889;194444.444444444;64.9133333333333;66.8052777777778;45.01;29.1588888888889;16.4363888888889;20.7238888888889;29.1588888888889;28.7291666666667;16.6988888888889;32.9;30.9983333333333;15.1977777777778;12.8391666666667;9.27888888888889;12.8391666666667;11.6063888888889;12.8391666666667;55.7083333333333;23.9302777777778;14.0622222222222;13.9455555555556;13.9475;13.9494444444444;13.9513888888889;13.9533333333333;13.9552777777778
65.9613888888889;65.9613888888889;69.2980555555556;77.9138888888889;71.3105555555556;55.37;17.7216666666667;67.8144444444444;63.9022222222222;72.8291666666667;102.6375;63.9022222222222;74.5577777777778;83.4030555555556;80.1305555555556;73.8597222222222;66.8597222222222;69.0511111111111;67.8844444444444;66.8597222222222;53.8786111111111;45.3288888888889;103.273333333333;127.664444444444;82.7419444444445;87.0313888888889;92.8491666666667;68.7263888888889;80.6691666666667;19.1547222222222;8.82972222222222;19.1547222222222;72.1019444444444;74.1436111111111;63.3538888888889;31.7508333333333;64.7811111111111;68.4113888888889;67.8416666666667;71.3358333333333;80.1305555555556;81.3983333333333;64.3902777777778;194444.444444444;15.4175;36.0947222222222;74.8786111111111;66.6691666666667;70.9566666666667;74.8786111111111;74.4488888888889;65.5977777777778;52.2511111111111;76.7180555555556;72.1505555555555;72.1019444444444;62.0705555555556;72.1019444444444;67.7386111111111;72.1019444444444;11.8688888888889;80.6419444444444;74.4605555555556;73.2083333333333;73.2083333333333;73.2083333333333;73.2083333333333;73.2083333333333;73.2083333333333
66.8947222222222;66.8947222222222;70.2313888888889;78.8472222222222;72.2438888888889;56.3033333333333;19.6311111111111;68.7477777777778;64.8355555555556;73.7625;103.570833333333;64.8355555555556;75.4911111111111;84.3363888888889;81.0638888888889;74.7930555555556;67.7930555555556;69.9844444444444;68.8177777777778;67.7930555555556;54.8119444444444;46.2622222222222;104.206666666667;128.597777777778;83.6752777777778;87.9647222222222;93.7825;69.6597222222222;81.6025;20.0880555555556;8.70527777777778;20.0880555555556;73.0352777777778;75.0769444444444;64.2872222222222;32.6841666666667;65.7144444444444;69.3447222222222;68.775;72.2691666666667;81.0638888888889;82.3316666666667;65.3236111111111;15.7966666666667;194444.444444444;42.1963888888889;75.8119444444444;67.6025;71.89;75.8119444444444;75.3822222222222;66.5311111111111;53.1844444444444;77.6513888888889;73.0838888888889;73.0352777777778;63.0038888888889;73.0352777777778;68.6719444444444;73.0352777777778;13.9475;81.5752777777778;75.3938888888889;74.1416666666667;74.1416666666667;74.1416666666667;74.1416666666667;74.1416666666667;74.1416666666667
45.6205555555556;45.6205555555556;58.2108333333333;72.9730555555556;50.9697222222222;36.4622222222222;31.2783333333333;47.4736111111111;43.5613888888889;52.4883333333333;82.2966666666667;43.5613888888889;54.2169444444444;63.0622222222222;59.7897222222222;53.5188888888889;47.9519444444444;48.7102777777778;47.5436111111111;47.9519444444444;34.9708333333333;18.7755555555556;82.9325;107.323611111111;62.4011111111111;66.6905555555556;72.5083333333333;48.3855555555556;60.3283333333333;25.2077777777778;35.1127777777778;25.2077777777778;51.7611111111111;53.8027777777778;44.4461111111111;21.5697222222222;44.4402777777778;48.0705555555556;47.5008333333333;50.995;59.7897222222222;61.0575;44.0494444444444;35.9877777777778;41.6441666666667;194444.444444444;54.5377777777778;46.3283333333333;50.6158333333333;54.5377777777778;54.1080555555556;46.69;33.3433333333333;56.3772222222222;55.2552777777778;51.7611111111111;41.7297222222222;51.7611111111111;47.3977777777778;51.7611111111111;30.5472222222222;60.3011111111111;54.1197222222222;52.8675;52.8519444444444;52.8521388888889;52.8523333333333;52.8525277777778;52.8527222222222
18.4663888888889;18.4663888888889;42.8847222222222;57.6469444444444;15.9113888888889;34.8386111111111;64.7383333333333;28.5697222222222;28.2352777777778;35.2411111111111;66.0741666666667;28.2352777777778;36.3416666666667;42.0952777777778;13.8172222222222;35.8341666666667;34.7530555555556;25.2602777777778;33.5708333333333;34.7530555555556;38.4086111111111;45.6302777777778;66.2608333333333;83.8736111111111;41.4341666666667;43.2405555555556;46.3633333333333;7.11472222222222;36.8783333333333;58.6677777777778;68.5727777777778;58.6677777777778;36.435;30.3527777777778;32.0697222222222;56.1438888888889;17.5408333333333;17.885;32.1747222222222;11.3069444444444;13.8172222222222;37.6075;28.7233333333333;73.2122222222222;75.1041666666667;53.3088888888889;194444.444444444;19.1741666666667;24.4708333333333;194444.444444444;1.58472222222222;34.3136111111111;41.16;4.83194444444444;39.9291666666667;36.435;26.2811111111111;36.435;27.1541666666667;36.435;64.0072222222222;36.8511111111111;37.66;32.5286111111111;32.5130555555556;32.51325;32.5134444444444;32.5136388888889;32.5138333333333
6.7025;6.7025;26.9694444444444;41.7316666666667;12.0516666666667;24.2938888888889;54.1547222222222;12.6544444444444;12.32;19.3258333333333;50.6061111111111;12.32;20.8736111111111;26.6272222222222;20.8716666666667;20.3563888888889;20.4322222222222;9.79222222222222;19.25;20.4322222222222;27.8638888888889;35.0466666666667;50.7927777777778;68.4055555555556;25.9661111111111;27.7725;33.5902777777778;16.9652777777778;21.4102777777778;48.0841666666667;57.9891666666667;48.0841666666667;20.5197222222222;14.8847222222222;23.4422222222222;45.5602777777778;7.64555555555556;9.1525;16.2594444444444;12.0769444444444;20.8716666666667;22.1394444444444;12.8080555555556;62.6286111111111;64.5205555555556;42.7252777777778;20.1327777777778;194444.444444444;11.6977777777778;20.1327777777778;19.7030555555556;24.57;30.6152777777778;21.9722222222222;24.0138888888889;20.5197222222222;10.3658333333333;20.5197222222222;11.2388888888889;20.5197222222222;53.4236111111111;21.3830555555556;21.7447222222222;16.6133333333333;16.6152777777778;16.6172222222222;16.6191666666667;16.6211111111111;16.6230555555556
13.9766666666667;13.9766666666667;35.3072222222222;50.0694444444444;13.6188888888889;32.6316666666667;62.4925;15.1880555555556;20.6577777777778;15.0558333333333;44.9322222222222;20.6577777777778;15.1997222222222;20.9533333333333;21.4822222222222;14.6922222222222;28.77;10.8130555555556;27.5877777777778;28.77;36.2016666666667;43.3844444444444;45.1188888888889;62.7316666666667;20.2922222222222;22.0986111111111;31.3502777777778;22.6586111111111;15.7363888888889;56.4219444444444;66.3269444444444;56.4219444444444;19.5572222222222;9.79611111111111;31.78;53.8980555555556;18.0133333333333;10.7197222222222;24.5972222222222;13.6441666666667;21.4822222222222;16.4655555555556;21.1458333333333;70.9663888888889;72.8583333333333;51.0630555555556;24.7275;14.6844444444444;194444.444444444;24.7275;24.2627777777778;32.9077777777778;38.9530555555556;26.8294444444444;32.3516666666667;19.5572222222222;18.7036111111111;19.5572222222222;13.6772222222222;19.5572222222222;61.7613888888889;15.7091666666667;20.5061111111111;14.665;14.6669444444444;14.6688888888889;14.6708333333333;14.6727777777778;14.6747222222222
18.4663888888889;18.4663888888889;42.8847222222222;57.6469444444444;15.9113888888889;34.8386111111111;64.7383333333333;28.5697222222222;28.2352777777778;35.2411111111111;66.0741666666667;28.2352777777778;36.3416666666667;42.0952777777778;13.8172222222222;35.8341666666667;34.7530555555556;25.2602777777778;33.5708333333333;34.7530555555556;38.4086111111111;45.6302777777778;66.2608333333333;83.8736111111111;41.4341666666667;43.2405555555556;46.3633333333333;7.11472222222222;36.8783333333333;58.6677777777778;68.5727777777778;58.6677777777778;36.435;30.3527777777778;32.0697222222222;56.1438888888889;17.5408333333333;17.885;32.1747222222222;11.3069444444444;13.8172222222222;37.6075;28.7233333333333;73.2122222222222;75.1041666666667;53.3088888888889;194444.444444444;19.1741666666667;24.4708333333333;194444.444444444;1.58472222222222;34.3136111111111;41.16;4.83194444444444;39.9291666666667;36.435;26.2811111111111;36.435;27.1541666666667;36.435;64.0072222222222;36.8511111111111;37.66;32.5286111111111;32.5130555555556;32.51325;32.5134444444444;32.5136388888889;32.5138333333333
18.0172222222222;18.0172222222222;42.4355555555556;57.1977777777778;15.4622222222222;34.3894444444444;64.2891666666667;28.1205555555556;27.7861111111111;34.7919444444444;65.4986111111111;27.7861111111111;35.7661111111111;41.5197222222222;13.2416666666667;35.2586111111111;34.3038888888889;24.6847222222222;33.1216666666667;34.3038888888889;37.9594444444444;45.1811111111111;65.6852777777778;83.2980555555555;40.8586111111111;42.665;45.7877777777778;6.66555555555556;36.3027777777778;58.2186111111111;68.1236111111111;58.2186111111111;35.9858333333333;29.7772222222222;31.6205555555556;55.6947222222222;17.0916666666667;17.3094444444444;31.7255555555556;10.7313888888889;13.2416666666667;37.0319444444444;28.2741666666667;72.7630555555556;74.655;52.8597222222222;1.60027777777778;18.725;23.8952777777778;1.60027777777778;194444.444444444;33.8644444444444;40.7108333333333;4.29916666666667;39.48;35.9858333333333;25.8319444444444;35.9858333333333;26.705;35.9858333333333;63.5580555555556;36.2755555555556;37.2108333333333;32.0794444444444;32.0813888888889;32.0658333333333;32.0660277777778;32.0662222222222;32.0664166666667
27.055;27.055;22.3144444444444;46.6044444444444;32.4041666666667;16.8311111111111;55.7511111111111;24.9511111111111;19.0536111111111;27.2552777777778;55.9280555555556;19.0536111111111;28.9838888888889;36.6936111111111;39.9097222222222;28.2858333333333;5.38416666666667;30.1447222222222;9.54916666666667;5.38416666666667;20.4011111111111;39.1125;56.5638888888889;82.3122222222222;36.0325;41.7238888888889;53.9427777777778;30.4811111111111;34.0861111111111;49.6805555555556;59.5855555555556;49.6805555555556;26.5280555555556;31.5816666666667;2.33722222222222;47.1566666666667;24.4144444444444;29.505;15.8472222222222;32.4294444444444;39.9097222222222;41.3952777777778;16.7202777777778;64.225;66.1169444444445;46.7911111111111;33.6486111111111;27.0355555555556;32.0502777777778;33.6486111111111;33.2188888888889;194444.444444444;23.6716666666667;35.4880555555555;28.8866666666667;26.5280555555556;19.2072222222222;26.5280555555556;24.8752777777778;26.5280555555556;55.02;37.6191666666667;27.7511111111111;27.6344444444444;27.6363888888889;27.6383333333333;27.6402777777778;27.6422222222222;27.6441666666667
32.7561111111111;32.7561111111111;45.0313888888889;60.1086111111111;38.1052777777778;13.7608333333333;42.9022222222222;34.6091666666667;30.6969444444444;39.6238888888889;69.4322222222222;30.6969444444444;41.3525;50.1977777777778;46.9252777777778;40.6544444444445;25.2816666666667;35.8458333333333;28.2138888888889;25.2816666666667;8.08694444444444;26.2636111111111;70.0680555555555;94.4591666666666;49.5366666666667;53.8261111111111;59.6438888888889;37.1894444444444;47.4638888888889;36.8316666666667;46.7366666666667;36.8316666666667;38.8966666666667;40.9383333333333;21.7758333333333;32.8688888888889;31.5758333333333;35.2061111111111;34.5119444444444;38.1305555555556;46.9252777777778;48.1930555555556;31.185;51.3761111111111;53.2680555555556;33.9422222222222;41.1288888888889;33.4638888888889;37.7513888888889;41.1288888888889;40.6991666666667;24.0197222222222;194444.444444444;42.9683333333333;42.3908333333333;38.8966666666667;28.8652777777778;38.8966666666667;34.5333333333333;38.8966666666667;42.1711111111111;47.4366666666667;41.2552777777778;40.0030555555556;40.005;40.0069444444444;40.0088888888889;40.0108333333333;40.0127777777778
20.2202777777778;20.2202777777778;44.6386111111111;59.4008333333333;17.6652777777778;36.5925;66.4922222222222;30.3236111111111;29.9891666666667;36.995;67.9194444444445;29.9891666666667;38.1869444444444;43.9405555555556;17.5622222222222;37.6794444444444;36.5069444444444;27.1055555555556;35.3247222222222;36.5069444444444;40.1625;46.1980555555556;68.1061111111111;85.7188888888889;43.2794444444444;45.0858333333333;48.2086111111111;8.86861111111111;38.7236111111111;60.4216666666667;70.3266666666667;60.4216666666667;38.1888888888889;32.1980555555556;33.8236111111111;57.8977777777778;19.2947222222222;19.7302777777778;33.9286111111111;15.0519444444444;17.5622222222222;39.4527777777778;30.4772222222222;74.9661111111111;76.8580555555556;55.0627777777778;4.85138888888889;20.9280555555556;26.3161111111111;4.85138888888889;4.33611111111111;36.0675;42.9138888888889;194444.444444444;41.6830555555556;38.1888888888889;28.035;38.1888888888889;28.9080555555556;38.1888888888889;65.7611111111111;38.6963888888889;39.4138888888889;34.2825;34.2844444444444;34.2863888888889;34.2883333333333;34.2902777777778;34.2922222222222
26.6641666666667;26.6641666666667;11.2661111111111;22.5769444444444;32.0133333333333;37.0591666666667;65.8330555555555;23.3663888888889;16.5977777777778;22.0130555555556;44.975;16.5977777777778;21.2819444444444;25.7405555555556;40.8333333333333;22.3902777777778;24.9413888888889;29.085;23.7591666666667;24.9413888888889;40.6291666666667;48.2669444444444;45.6108333333333;71.3591666666667;25.0794444444444;30.7708333333333;53.5519444444444;36.9269444444444;23.1330555555556;58.2827777777778;68.8177777777778;58.2827777777778;15.2988888888889;26.3394444444444;28.4316666666667;58.7805555555556;26.0205555555556;29.1141666666667;18.3438888888889;32.0386111111111;40.8333333333333;30.4422222222222;15.3222222222222;73.4572222222222;75.3491666666667;55.9455555555556;40.0944444444444;27.3719444444444;31.6594444444444;40.0944444444444;39.6647222222222;29.0791666666667;43.8355555555556;41.9338888888889;194444.444444444;15.2988888888889;20.2144444444444;15.2988888888889;23.2905555555556;15.2988888888889;64.2522222222222;26.6661111111111;16.1602777777778;21.6844444444444;21.6863888888889;21.6883333333333;21.6902777777778;21.6922222222222;21.6941666666667
22.6644444444444;22.6644444444444;18.6161111111111;33.3783333333333;26.6738888888889;33.0594444444444;63.3752777777778;10.3113888888889;10.5797222222222;7.3675;38.0625;10.5797222222222;7.31111111111111;18.5577777777778;35.4938888888889;7.945;21.5677777777778;15.5147222222222;20.3855555555556;21.5677777777778;36.6294444444444;44.2672222222222;38.2491666666667;63.7622222222222;17.8966666666667;23.5880555555556;42.3558333333333;32.9272222222222;14.8633333333333;57.3047222222222;67.2097222222222;57.3047222222222;194444.444444444;11.6938888888889;25.0580555555556;54.7808333333333;22.0208333333333;23.7747222222222;14.9702777777778;26.6991666666667;35.4938888888889;22.2833333333333;11.9486111111111;71.8491666666667;73.7411111111111;51.9458333333333;36.0947222222222;23.2302777777778;19.7866666666667;36.0947222222222;35.665;25.7055555555556;39.8358333333333;37.9341666666667;15.6605555555556;194444.444444444;16.2147222222222;194444.444444444;10.8130555555556;194444.444444444;62.6441666666667;17.4980555555556;4.48388888888889;7.03888888888889;7.03888888888889;7.03888888888889;7.03888888888889;7.03888888888889;7.03888888888889
13.2280555555556;13.2280555555556;22.8044444444444;37.5666666666667;18.5772222222222;22.7869444444444;53.1027777777778;12.0069444444444;8.155;17.0819444444444;46.8902777777778;8.155;18.8105555555556;27.6558333333333;27.3972222222222;18.1125;15.7636111111111;16.3177777777778;14.5813888888889;15.7636111111111;26.3569444444444;33.9947222222222;47.5261111111111;73.2744444444444;26.9947222222222;32.6861111111111;40.1158333333333;23.4908333333333;25.0483333333333;47.0322222222222;56.9372222222222;47.0322222222222;16.3547222222222;19.4386111111111;17.7975;44.5083333333333;12.5844444444444;15.6780555555556;12.0944444444444;18.6025;27.3972222222222;28.665;8.64305555555556;61.5766666666667;63.4686111111111;41.6733333333333;26.6583333333333;13.9358333333333;18.2233333333333;26.6583333333333;26.2286111111111;19.9013888888889;29.5633333333333;28.4977777777778;19.8488888888889;16.3547222222222;194444.444444444;16.3547222222222;11.9311111111111;16.3547222222222;52.3716666666667;27.9086111111111;18.7133333333333;17.4611111111111;17.4611111111111;17.4611111111111;17.4611111111111;17.4611111111111;17.4611111111111
22.6644444444444;22.6644444444444;18.6161111111111;33.3783333333333;26.6738888888889;33.0594444444444;63.3752777777778;10.3113888888889;10.5797222222222;7.3675;38.0625;10.5797222222222;7.31111111111111;18.5577777777778;35.4938888888889;7.945;21.5677777777778;15.5147222222222;20.3855555555556;21.5677777777778;36.6294444444444;44.2672222222222;38.2491666666667;63.7622222222222;17.8966666666667;23.5880555555556;42.3558333333333;32.9272222222222;14.8633333333333;57.3047222222222;67.2097222222222;57.3047222222222;194444.444444444;11.6938888888889;25.0580555555556;54.7808333333333;22.0208333333333;23.7747222222222;14.9702777777778;26.6991666666667;35.4938888888889;22.2833333333333;11.9486111111111;71.8491666666667;73.7411111111111;51.9458333333333;36.0947222222222;23.2302777777778;19.7866666666667;36.0947222222222;35.665;25.7055555555556;39.8358333333333;37.9341666666667;15.6605555555556;194444.444444444;16.2147222222222;194444.444444444;10.8130555555556;194444.444444444;62.6441666666667;17.4980555555556;4.48388888888889;7.03888888888889;7.03888888888889;7.03888888888889;7.03888888888889;7.03888888888889;7.03888888888889
13.3116666666667;13.3116666666667;25.7969444444444;40.5591666666667;17.7197222222222;28.5794444444444;58.8952777777778;1.785;8.67805555555556;11.4177777777778;45.6069444444444;8.67805555555556;13.1463888888889;26.3044444444444;26.5397222222222;12.4483333333333;21.2119444444444;6.56055555555556;20.0297222222222;21.2119444444444;32.1494444444444;39.7872222222222;45.7936111111111;69.9688888888889;25.6433333333333;29.3358333333333;39.2583333333333;23.5744444444444;22.9736111111111;52.8247222222222;62.7297222222222;52.8247222222222;11.3147222222222;8.27361111111111;23.59;50.3008333333333;15.6508333333333;14.8205555555556;14.6144444444444;17.745;26.5397222222222;23.7027777777778;11.5247222222222;67.3691666666667;69.2611111111111;47.4658333333333;26.7419444444444;13.3972222222222;13.7977777777778;26.7419444444444;26.3122222222222;25.3497222222222;35.3558333333333;28.5813888888889;22.8413888888889;11.3147222222222;11.7347222222222;11.3147222222222;194444.444444444;11.3147222222222;58.1641666666667;22.9463888888889;13.8366666666667;8.70527777777778;8.70722222222222;8.70916666666667;8.69361111111111;8.69380555555556;8.694
22.6644444444444;22.6644444444444;18.6161111111111;33.3783333333333;26.6738888888889;33.0594444444444;63.3752777777778;10.3113888888889;10.5797222222222;7.3675;38.0625;10.5797222222222;7.31111111111111;18.5577777777778;35.4938888888889;7.945;21.5677777777778;15.5147222222222;20.3855555555556;21.5677777777778;36.6294444444444;44.2672222222222;38.2491666666667;63.7622222222222;17.8966666666667;23.5880555555556;42.3558333333333;32.9272222222222;14.8633333333333;57.3047222222222;67.2097222222222;57.3047222222222;194444.444444444;11.6938888888889;25.0580555555556;54.7808333333333;22.0208333333333;23.7747222222222;14.9702777777778;26.6991666666667;35.4938888888889;22.2833333333333;11.9486111111111;71.8491666666667;73.7411111111111;51.9458333333333;36.0947222222222;23.2302777777778;19.7866666666667;36.0947222222222;35.665;25.7055555555556;39.8358333333333;37.9341666666667;15.6605555555556;194444.444444444;16.2147222222222;194444.444444444;10.8130555555556;194444.444444444;62.6441666666667;17.4980555555556;4.48388888888889;7.03888888888889;7.05833333333333;7.07777777777778;7.09722222222222;7.11666666666667;7.13611111111111
56.7680555555556;56.7680555555556;60.1047222222222;68.7205555555555;62.1172222222222;46.1766666666667;5.85277777777778;58.6211111111111;54.7088888888889;63.6358333333333;93.4441666666667;54.7088888888889;65.3644444444444;74.2097222222222;70.9372222222222;64.6663888888889;57.6663888888889;59.8577777777778;58.6911111111111;57.6663888888889;44.6852777777778;36.1355555555556;94.08;118.471111111111;73.5486111111111;77.8380555555556;83.6558333333333;59.5330555555556;71.4758333333333;9.96138888888889;8.13166666666667;9.96138888888889;62.9086111111111;64.9502777777778;54.1605555555556;22.5575;55.5877777777778;59.2180555555556;58.6483333333333;62.1425;70.9372222222222;72.205;55.1969444444444;11.6919444444444;14.6630555555556;32.0697222222222;65.6852777777778;57.4758333333333;61.7633333333333;65.6852777777778;65.2555555555555;56.4044444444444;43.0577777777778;67.5247222222222;62.9572222222222;62.9086111111111;52.8772222222222;62.9086111111111;58.5452777777778;62.9086111111111;194444.444444444;71.4486111111111;65.2672222222222;64.015;64.0169444444444;64.0188888888889;64.0208333333333;64.0227777777778;64.0247222222222
25.1358333333333;25.1358333333333;31.1947222222222;45.9569444444444;26.1294444444444;43.7908333333333;73.6516666666667;24.6847222222222;24.9433333333333;16.5472222222222;38.9938888888889;24.9433333333333;13.4730555555556;10.3308333333333;34.1366666666667;16.4286111111111;33.2869444444445;21.7777777777778;32.1047222222222;33.2869444444445;47.3608333333333;54.5436111111111;39.1805555555556;55.8813888888889;9.66972222222222;15.2483333333333;38.9180555555556;35.1691666666667;5.11388888888889;67.5811111111111;77.4861111111111;67.5811111111111;17.4144444444444;17.2238888888889;36.7772222222222;65.0572222222222;28.9780555555556;23.2302777777778;26.6894444444444;26.1547222222222;34.1366666666667;9.00666666666667;23.6677777777778;82.1255555555556;84.0175;62.2222222222222;37.2380555555556;25.8436111111111;17.5330555555556;37.2380555555556;36.7733333333333;37.4247222222222;50.1122222222222;39.34;28.2391666666667;17.4144444444444;28.56;17.4144444444444;24.5447222222222;17.4144444444444;72.9205555555556;194444.444444444;15.8238888888889;17.6652777777778;17.6672222222222;17.6691666666667;17.6711111111111;17.6730555555556;17.6575
23.2477777777778;23.2477777777778;19.6427777777778;34.405;26.7769444444444;34.7122222222222;65.0280555555556;12.145;12.4133333333333;7.08361111111111;35.6144444444444;12.4133333333333;6.25333333333333;15.4019444444444;35.5969444444444;7.36166666666667;22.5944444444444;15.6177777777778;21.4122222222222;22.5944444444444;38.2822222222222;45.92;35.8011111111111;61.3141666666667;15.3163888888889;21.0077777777778;41.7725;33.5105555555556;12.2830555555556;58.9575;68.8625;58.9575;4.4625;11.3555555555556;26.0847222222222;56.4336111111111;23.6736111111111;23.8777777777778;15.9969444444444;26.8022222222222;35.5969444444444;19.7030555555556;12.9752777777778;73.5019444444444;75.3938888888889;53.5986111111111;36.6780555555556;23.3333333333333;19.8897222222222;36.6780555555556;36.2483333333333;26.7322222222222;41.4886111111111;38.5175;16.6872222222222;4.4625;17.8675;4.4625;12.1119444444444;4.4625;64.2969444444444;15.05;194444.444444444;7.14194444444445;7.14388888888889;7.14583333333333;7.14777777777778;7.14972222222222;7.15166666666667
20.6052777777778;20.6052777777778;27.0433333333333;41.8055555555556;22.575;36.0091666666667;66.325;9.95944444444445;13.5294444444444;6.59361111111111;40.7827777777778;13.5294444444444;8.32222222222222;21.4802777777778;31.395;7.62416666666667;25.3788888888889;11.4158333333333;24.1966666666667;25.3788888888889;39.5791666666667;47.2169444444445;40.9694444444444;66.4825;20.8191666666667;26.5105555555556;41.615;30.8680555555556;18.2155555555556;60.2544444444445;70.1594444444444;60.2544444444445;8.97166666666667;7.14777777777778;28.8691666666667;57.7305555555556;23.3333333333333;19.6758333333333;18.7813888888889;22.6002777777778;31.395;21.6611111111111;15.6916666666667;74.7988888888889;76.6908333333333;54.8955555555556;33.6836111111111;20.6908333333333;15.1802777777778;33.6836111111111;33.2188888888889;29.5166666666667;42.7855555555556;35.7855555555556;24.0877777777778;8.97166666666667;19.1644444444444;8.97166666666667;9.46944444444444;8.97166666666667;65.5938888888889;20.2183333333333;9.92055555555556;194444.444444444;194444.463888889;194444.483333333;194444.502777778;194444.522222222;194444.541666667
23.2477777777778;23.2477777777778;19.6447222222222;34.4069444444444;26.7788888888889;34.7141666666667;65.03;12.1469444444444;12.4152777777778;7.08555555555555;35.6163888888889;12.4152777777778;6.25527777777778;15.4038888888889;35.5988888888889;7.36361111111111;22.6138888888889;15.6197222222222;21.4141666666667;22.6138888888889;38.2841666666667;45.9219444444444;35.8030555555556;61.3161111111111;15.3183333333333;21.0097222222222;41.7744444444444;33.5125;12.285;58.9594444444444;68.8644444444444;58.9594444444444;4.46444444444444;11.375;26.0866666666667;56.4355555555556;23.6755555555556;23.8972222222222;15.9988888888889;26.8041666666667;35.5988888888889;19.705;12.9772222222222;73.5038888888889;75.3958333333333;53.6005555555556;36.68;23.3527777777778;19.8741666666667;36.68;36.2502777777778;26.7341666666667;41.4905555555556;38.5019444444444;16.6891666666667;4.46444444444444;17.8519444444444;4.46444444444444;12.0963888888889;4.46444444444444;64.2988888888889;15.05;194444.444444444;7.14388888888889;7.14583333333333;7.14777777777778;7.14972222222222;7.15166666666667;7.15361111111111
20.6052777777778;20.6052777777778;27.0452777777778;41.8055555555556;22.575;35.9936111111111;66.3444444444444;9.96138888888889;13.5313888888889;6.59555555555556;40.7847222222222;13.5313888888889;8.34166666666667;21.4822222222222;31.3969444444444;7.62611111111111;25.3808333333333;11.4177777777778;24.1986111111111;25.3808333333333;39.5811111111111;47.2188888888889;40.9888888888889;66.4844444444444;20.8211111111111;26.5125;41.6169444444444;30.87;18.2175;60.2563888888889;70.1613888888889;60.2563888888889;8.97361111111111;7.14972222222222;28.8711111111111;57.7305555555556;23.3333333333333;19.6602777777778;18.7658333333333;22.6022222222222;31.3969444444444;21.6611111111111;15.6916666666667;74.8008333333333;76.6927777777778;54.8975;33.6855555555556;20.6927777777778;15.1822222222222;33.6855555555556;33.2208333333333;29.5361111111111;42.7875;35.7875;24.0897222222222;8.97361111111111;19.1663888888889;8.97361111111111;9.48888888888889;8.97361111111111;65.5958333333333;20.2202777777778;9.9225;194444.463888889;194444.483333333;194444.502777778;194444.522222222;194444.541666667;194444.561111111
23.2477777777778;23.2477777777778;19.6466666666667;34.4088888888889;26.7808333333333;34.7161111111111;65.0319444444444;12.1488888888889;12.4172222222222;7.0875;35.6183333333333;12.4172222222222;6.25722222222222;15.4058333333333;35.6008333333333;7.36555555555556;22.6333333333333;15.6216666666667;21.4161111111111;22.6333333333333;38.2686111111111;45.9238888888889;35.805;61.3180555555556;15.3202777777778;21.0116666666667;41.7763888888889;33.5144444444444;12.2869444444444;58.9613888888889;68.8663888888889;58.9613888888889;4.46638888888889;11.3944444444444;26.0886111111111;56.4375;23.6775;23.9166666666667;16.0008333333333;26.8061111111111;35.6008333333333;19.7069444444444;12.9791666666667;73.5058333333333;75.3977777777778;53.6025;36.6819444444444;23.3722222222222;19.8743611111111;36.6819444444444;36.2522222222222;26.7186111111111;41.4925;38.5021388888889;16.6911111111111;4.46638888888889;17.8521388888889;4.46638888888889;12.0965833333333;4.46638888888889;64.3008333333333;15.05;194444.444444444;7.14583333333333;7.14777777777778;7.14972222222222;7.15166666666667;7.15361111111111;7.13805555555556
20.6052777777778;20.6052777777778;27.0297222222222;41.8055555555556;22.575;35.9938055555556;66.3638888888889;9.96333333333333;13.5158333333333;6.5975;40.7866666666667;13.5158333333333;8.36111111111111;21.4841666666667;31.3988888888889;7.62805555555556;25.3827777777778;11.4197222222222;24.2005555555556;25.3827777777778;39.5830555555556;47.2208333333333;41.0083333333333;66.4863888888889;20.8230555555556;26.5144444444444;41.6188888888889;30.8719444444444;18.2019444444444;60.2408333333333;70.1633333333333;60.2408333333333;8.97555555555556;7.15166666666667;28.8730555555556;57.7305555555556;23.3333333333333;19.6604722222222;18.7660277777778;22.6041666666667;31.3988888888889;21.6611111111111;15.6916666666667;74.7852777777778;76.6947222222222;54.8994444444444;33.6875;20.6947222222222;15.1841666666667;33.6875;33.2227777777778;29.5555555555556;42.7894444444444;35.7894444444444;24.0741666666667;8.97555555555556;19.1683333333333;8.97555555555556;9.50833333333333;8.97555555555556;65.5977777777778;20.2047222222222;9.92444444444445;194444.483333333;194444.502777778;194444.522222222;194444.541666667;194444.561111111;194444.580555556
23.2477777777778;23.2477777777778;19.6486111111111;34.4108333333333;26.7827777777778;34.7180555555556;65.0338888888889;12.1508333333333;12.4191666666667;7.08944444444445;35.6202777777778;12.4191666666667;6.25916666666667;15.4077777777778;35.5852777777778;7.3675;22.6527777777778;15.6236111111111;21.4180555555556;22.6527777777778;38.2688055555556;45.9258333333333;35.8069444444444;61.32;15.3047222222222;21.0136111111111;41.7783333333333;33.5163888888889;12.2713888888889;58.9633333333333;68.8683333333333;58.9633333333333;4.46833333333333;11.4138888888889;26.0905555555556;56.4394444444444;23.6794444444444;23.9361111111111;15.9852777777778;26.8080555555556;35.5852777777778;19.7088888888889;12.9811111111111;73.5077777777778;75.3997222222222;53.6044444444444;36.6838888888889;23.3916666666667;19.8745555555556;36.6838888888889;36.2541666666667;26.7188055555556;41.4769444444444;38.5023333333333;16.6930555555556;4.46833333333333;17.8523333333333;4.46833333333333;12.0967777777778;4.46833333333333;64.2852777777778;15.05;194444.444444444;7.14777777777778;7.14972222222222;7.15166666666667;7.15361111111111;7.13805555555556;7.13825
20.6052777777778;20.6052777777778;27.0299166666667;41.8055555555556;22.575;35.994;66.3833333333333;9.96527777777778;13.5160277777778;6.59944444444444;40.7886111111111;13.5160277777778;8.38055555555555;21.4686111111111;31.4008333333333;7.63;25.3847222222222;11.4216666666667;24.2025;25.3847222222222;39.585;47.2227777777778;41.0277777777778;66.4883333333333;20.8075;26.5163888888889;41.6208333333333;30.8738888888889;18.2021388888889;60.2410277777778;70.1652777777778;60.2410277777778;8.9775;7.15361111111111;28.8575;57.7305555555556;23.3333333333333;19.6606666666667;18.7662222222222;22.6061111111111;31.4008333333333;21.6611111111111;15.6916666666667;74.7854722222222;76.6966666666667;54.9013888888889;33.6894444444444;20.6966666666667;15.1686111111111;33.6894444444444;33.2247222222222;29.575;42.7913888888889;35.7913888888889;24.0743611111111;8.9775;19.1702777777778;8.9775;9.52777777777778;8.9775;65.5997222222222;20.2049166666667;9.92638888888889;194444.502777778;194444.522222222;194444.541666667;194444.561111111;194444.580555556;194444.6
23.2477777777778;23.2477777777778;19.6505555555556;34.4127777777778;26.7847222222222;34.72;65.0358333333333;12.1352777777778;12.4211111111111;7.09138888888889;35.6047222222222;12.4211111111111;6.24361111111111;15.4097222222222;35.5854722222222;7.35194444444445;22.6722222222222;15.6255555555556;21.42;22.6722222222222;38.269;45.9102777777778;35.8088888888889;61.3219444444444;15.3049166666667;21.0155555555556;41.7802777777778;33.5183333333333;12.2715833333333;58.9652777777778;68.8702777777778;58.9652777777778;4.47027777777778;11.4333333333333;26.0925;56.4413888888889;23.6813888888889;23.9555555555556;15.9854722222222;26.81;35.5854722222222;19.7108333333333;12.9830555555556;73.5097222222222;75.4016666666667;53.6063888888889;36.6858333333333;23.4111111111111;19.87475;36.6858333333333;36.2561111111111;26.719;41.4771388888889;38.5025277777778;16.695;4.47027777777778;17.8525277777778;4.47027777777778;12.0969722222222;4.47027777777778;64.2854722222222;15.05;194444.444444444;7.14972222222222;7.15166666666667;7.15361111111111;7.13805555555556;7.13825;7.13844444444444
0;0;0;0;0;0;0;0;0;0;0;0;0;0;0;0;0;0;0;0;0;0;0;0;0;0;0;0;0;0;0;0;0;0;0;0;0;0;0;0;0;0;0;0;0;0;0;0;0;0;0;0;0;0;0;0;0;0;0;0;0;0;0;0;0;0;0;0;0
0;0;0;0;0;0;0;0;0;0;0;0;0;0;0;0;0;0;0;0;0;0;0;0;0;0;0;0;0;0;0;0;0;0;0;0;0;0;0;0;0;0;0;0;0;0;0;0;0;0;0;0;0;0;0;0;0;0;0;0;0;0;0;0;0;0;0;0;0
0;0;0;0;0;0;0;0;0;0;0;0;0;0;0;0;0;0;0;0;0;0;0;0;0;0;0;0;0;0;0;0;0;0;0;0;0;0;0;0;0;0;0;0;0;0;0;0;0;0;0;0;0;0;0;0;0;0;0;0;0;0;0;0;0;0;0;0;0
0;0;0;0;0;0;0;0;0;0;0;0;0;0;0;0;0;0;0;0;0;0;0;0;0;0;0;0;0;0;0;0;0;0;0;0;0;0;0;0;0;0;0;0;0;0;0;0;0;0;0;0;0;0;0;0;0;0;0;0;0;0;0;0;0;0;0;0;0
0;0;0;0;0;0;0;0;0;0;0;0;0;0;0;0;0;0;0;0;0;0;0;0;0;0;0;0;0;0;0;0;0;0;0;0;0;0;0;0;0;0;0;0;0;0;0;0;0;0;0;0;0;0;0;0;0;0;0;0;0;0;0;0;0;0;0;0;0
0;0;0;0;0;0;0;0;0;0;0;0;0;0;0;0;0;0;0;0;0;0;0;0;0;0;0;0;0;0;0;0;0;0;0;0;0;0;0;0;0;0;0;0;0;0;0;0;0;0;0;0;0;0;0;0;0;0;0;0;0;0;0;0;0;0;0;0;0
0;0;0;0;0;0;0;0;0;0;0;0;0;0;0;0;0;0;0;0;0;0;0;0;0;0;0;0;0;0;0;0;0;0;0;0;0;0;0;0;0;0;0;0;0;0;0;0;0;0;0;0;0;0;0;0;0;0;0;0;0;0;0;0;0;0;0;0;0
0;0;0;0;0;0;0;0;0;0;0;0;0;0;0;0;0;0;0;0;0;0;0;0;0;0;0;0;0;0;0;0;0;0;0;0;0;0;0;0;0;0;0;0;0;0;0;0;0;0;0;0;0;0;0;0;0;0;0;0;0;0;0;0;0;0;0;0;0
0;0;0;0;0;0;0;0;0;0;0;0;0;0;0;0;0;0;0;0;0;0;0;0;0;0;0;0;0;0;0;0;0;0;0;0;0;0;0;0;0;0;0;0;0;0;0;0;0;0;0;0;0;0;0;0;0;0;0;0;0;0;0;0;0;0;0;0;0
0;0;0;0;0;0;0;0;0;0;0;0;0;0;0;0;0;0;0;0;0;0;0;0;0;0;0;0;0;0;0;0;0;0;0;0;0;0;0;0;0;0;0;0;0;0;0;0;0;0;0;0;0;0;0;0;0;0;0;0;0;0;0;0;0;0;0;0;0
0;0;0;0;0;0;0;0;0;0;0;0;0;0;0;0;0;0;0;0;0;0;0;0;0;0;0;0;0;0;0;0;0;0;0;0;0;0;0;0;0;0;0;0;0;0;0;0;0;0;0;0;0;0;0;0;0;0;0;0;0;0;0;0;0;0;0;0;0
0;0;0;0;0;0;0;0;0;0;0;0;0;0;0;0;0;0;0;0;0;0;0;0;0;0;0;0;0;0;0;0;0;0;0;0;0;0;0;0;0;0;0;0;0;0;0;0;0;0;0;0;0;0;0;0;0;0;0;0;0;0;0;0;0;0;0;0;0
0;0;0;0;0;0;0;0;0;0;0;0;0;0;0;0;0;0;0;0;0;0;0;0;0;0;0;0;0;0;0;0;0;0;0;0;0;0;0;0;0;0;0;0;0;0;0;0;0;0;0;0;0;0;0;0;0;0;0;0;0;0;0;0;0;0;0;0;0
0;0;0;0;0;0;0;0;0;0;0;0;0;0;0;0;0;0;0;0;0;0;0;0;0;0;0;0;0;0;0;0;0;0;0;0;0;0;0;0;0;0;0;0;0;0;0;0;0;0;0;0;0;0;0;0;0;0;0;0;0;0;0;0;0;0;0;0;0
0;0;0;0;0;0;0;0;0;0;0;0;0;0;0;0;0;0;0;0;0;0;0;0;0;0;0;0;0;0;0;0;0;0;0;0;0;0;0;0;0;0;0;0;0;0;0;0;0;0;0;0;0;0;0;0;0;0;0;0;0;0;0;0;0;0;0;0;0
0;0;0;0;0;0;0;0;0;0;0;0;0;0;0;0;0;0;0;0;0;0;0;0;0;0;0;0;0;0;0;0;0;0;0;0;0;0;0;0;0;0;0;0;0;0;0;0;0;0;0;0;0;0;0;0;0;0;0;0;0;0;0;0;0;0;0;0;0
0;0;0;0;0;0;0;0;0;0;0;0;0;0;0;0;0;0;0;0;0;0;0;0;0;0;0;0;0;0;0;0;0;0;0;0;0;0;0;0;0;0;0;0;0;0;0;0;0;0;0;0;0;0;0;0;0;0;0;0;0;0;0;0;0;0;0;0;0
0;0;0;0;0;0;0;0;0;0;0;0;0;0;0;0;0;0;0;0;0;0;0;0;0;0;0;0;0;0;0;0;0;0;0;0;0;0;0;0;0;0;0;0;0;0;0;0;0;0;0;0;0;0;0;0;0;0;0;0;0;0;0;0;0;0;0;0;0
0;0;0;0;0;0;0;0;0;0;0;0;0;0;0;0;0;0;0;0;0;0;0;0;0;0;0;0;0;0;0;0;0;0;0;0;0;0;0;0;0;0;0;0;0;0;0;0;0;0;0;0;0;0;0;0;0;0;0;0;0;0;0;0;0;0;0;0;0
0;0;0;0;0;0;0;0;0;0;0;0;0;0;0;0;0;0;0;0;0;0;0;0;0;0;0;0;0;0;0;0;0;0;0;0;0;0;0;0;0;0;0;0;0;0;0;0;0;0;0;0;0;0;0;0;0;0;0;0;0;0;0;0;0;0;0;0;0
0;0;0;0;0;0;0;0;0;0;0;0;0;0;0;0;0;0;0;0;0;0;0;0;0;0;0;0;0;0;0;0;0;0;0;0;0;0;0;0;0;0;0;0;0;0;0;0;0;0;0;0;0;0;0;0;0;0;0;0;0;0;0;0;0;0;0;0;0
0;0;0;0;0;0;0;0;0;0;0;0;0;0;0;0;0;0;0;0;0;0;0;0;0;0;0;0;0;0;0;0;0;0;0;0;0;0;0;0;0;0;0;0;0;0;0;0;0;0;0;0;0;0;0;0;0;0;0;0;0;0;0;0;0;0;0;0;0
0;0;0;0;0;0;0;0;0;0;0;0;0;0;0;0;0;0;0;0;0;0;0;0;0;0;0;0;0;0;0;0;0;0;0;0;0;0;0;0;0;0;0;0;0;0;0;0;0;0;0;0;0;0;0;0;0;0;0;0;0;0;0;0;0;0;0;0;0
0;0;0;0;0;0;0;0;0;0;0;0;0;0;0;0;0;0;0;0;0;0;0;0;0;0;0;0;0;0;0;0;0;0;0;0;0;0;0;0;0;0;0;0;0;0;0;0;0;0;0;0;0;0;0;0;0;0;0;0;0;0;0;0;0;0;0;0;0
0;0;0;0;0;0;0;0;0;0;0;0;0;0;0;0;0;0;0;0;0;0;0;0;0;0;0;0;0;0;0;0;0;0;0;0;0;0;0;0;0;0;0;0;0;0;0;0;0;0;0;0;0;0;0;0;0;0;0;0;0;0;0;0;0;0;0;0;0
0;0;0;0;0;0;0;0;0;0;0;0;0;0;0;0;0;0;0;0;0;0;0;0;0;0;0;0;0;0;0;0;0;0;0;0;0;0;0;0;0;0;0;0;0;0;0;0;0;0;0;0;0;0;0;0;0;0;0;0;0;0;0;0;0;0;0;0;0
0;0;0;0;0;0;0;0;0;0;0;0;0;0;0;0;0;0;0;0;0;0;0;0;0;0;0;0;0;0;0;0;0;0;0;0;0;0;0;0;0;0;0;0;0;0;0;0;0;0;0;0;0;0;0;0;0;0;0;0;0;0;0;0;0;0;0;0;0
0;0;0;0;0;0;0;0;0;0;0;0;0;0;0;0;0;0;0;0;0;0;0;0;0;0;0;0;0;0;0;0;0;0;0;0;0;0;0;0;0;0;0;0;0;0;0;0;0;0;0;0;0;0;0;0;0;0;0;0;0;0;0;0;0;0;0;0;0
0;0;0;0;0;0;0;0;0;0;0;0;0;0;0;0;0;0;0;0;0;0;0;0;0;0;0;0;0;0;0;0;0;0;0;0;0;0;0;0;0;0;0;0;0;0;0;0;0;0;0;0;0;0;0;0;0;0;0;0;0;0;0;0;0;0;0;0;0
0;0;0;0;0;0;0;0;0;0;0;0;0;0;0;0;0;0;0;0;0;0;0;0;0;0;0;0;0;0;0;0;0;0;0;0;0;0;0;0;0;0;0;0;0;0;0;0;0;0;0;0;0;0;0;0;0;0;0;0;0;0;0;0;0;0;0;0;0
0;0;0;0;0;0;0;0;0;0;0;0;0;0;0;0;0;0;0;0;0;0;0;0;0;0;0;0;0;0;0;0;0;0;0;0;0;0;0;0;0;0;0;0;0;0;0;0;0;0;0;0;0;0;0;0;0;0;0;0;0;0;0;0;0;0;0;0;0
0;0;0;0;0;0;0;0;0;0;0;0;0;0;0;0;0;0;0;0;0;0;0;0;0;0;0;0;0;0;0;0;0;0;0;0;0;0;0;0;0;0;0;0;0;0;0;0;0;0;0;0;0;0;0;0;0;0;0;0;0;0;0;0;0;0;0;0;0
0;0;0;0;0;0;0;0;0;0;0;0;0;0;0;0;0;0;0;0;0;0;0;0;0;0;0;0;0;0;0;0;0;0;0;0;0;0;0;0;0;0;0;0;0;0;0;0;0;0;0;0;0;0;0;0;0;0;0;0;0;0;0;0;0;0;0;0;0
0;0;0;0;0;0;0;0;0;0;0;0;0;0;0;0;0;0;0;0;0;0;0;0;0;0;0;0;0;0;0;0;0;0;0;0;0;0;0;0;0;0;0;0;0;0;0;0;0;0;0;0;0;0;0;0;0;0;0;0;0;0;0;0;0;0;0;0;0
0;0;0;0;0;0;0;0;0;0;0;0;0;0;0;0;0;0;0;0;0;0;0;0;0;0;0;0;0;0;0;0;0;0;0;0;0;0;0;0;0;0;0;0;0;0;0;0;0;0;0;0;0;0;0;0;0;0;0;0;0;0;0;0;0;0;0;0;0
0;0;0;0;0;0;0;0;0;0;0;0;0;0;0;0;0;0;0;0;0;0;0;0;0;0;0;0;0;0;0;0;0;0;0;0;0;0;0;0;0;0;0;0;0;0;0;0;0;0;0;0;0;0;0;0;0;0;0;0;0;0;0;0;0;0;0;0;0
0;0;0;0;0;0;0;0;0;0;0;0;0;0;0;0;0;0;0;0;0;0;0;0;0;0;0;0;0;0;0;0;0;0;0;0;0;0;0;0;0;0;0;0;0;0;0;0;0;0;0;0;0;0;0;0;0;0;0;0;0;0;0;0;0;0;0;0;0
0;0;0;0;0;0;0;0;0;0;0;0;0;0;0;0;0;0;0;0;0;0;0;0;0;0;0;0;0;0;0;0;0;0;0;0;0;0;0;0;0;0;0;0;0;0;0;0;0;0;0;0;0;0;0;0;0;0;0;0;0;0;0;0;0;0;0;0;0
0;0;0;0;0;0;0;0;0;0;0;0;0;0;0;0;0;0;0;0;0;0;0;0;0;0;0;0;0;0;0;0;0;0;0;0;0;0;0;0;0;0;0;0;0;0;0;0;0;0;0;0;0;0;0;0;0;0;0;0;0;0;0;0;0;0;0;0;0
0;0;0;0;0;0;0;0;0;0;0;0;0;0;0;0;0;0;0;0;0;0;0;0;0;0;0;0;0;0;0;0;0;0;0;0;0;0;0;0;0;0;0;0;0;0;0;0;0;0;0;0;0;0;0;0;0;0;0;0;0;0;0;0;0;0;0;0;0
0;0;0;0;0;0;0;0;0;0;0;0;0;0;0;0;0;0;0;0;0;0;0;0;0;0;0;0;0;0;0;0;0;0;0;0;0;0;0;0;0;0;0;0;0;0;0;0;0;0;0;0;0;0;0;0;0;0;0;0;0;0;0;0;0;0;0;0;0
0;0;0;0;0;0;0;0;0;0;0;0;0;0;0;0;0;0;0;0;0;0;0;0;0;0;0;0;0;0;0;0;0;0;0;0;0;0;0;0;0;0;0;0;0;0;0;0;0;0;0;0;0;0;0;0;0;0;0;0;0;0;0;0;0;0;0;0;0
0;0;0;0;0;0;0;0;0;0;0;0;0;0;0;0;0;0;0;0;0;0;0;0;0;0;0;0;0;0;0;0;0;0;0;0;0;0;0;0;0;0;0;0;0;0;0;0;0;0;0;0;0;0;0;0;0;0;0;0;0;0;0;0;0;0;0;0;0
0;0;0;0;0;0;0;0;0;0;0;0;0;0;0;0;0;0;0;0;0;0;0;0;0;0;0;0;0;0;0;0;0;0;0;0;0;0;0;0;0;0;0;0;0;0;0;0;0;0;0;0;0;0;0;0;0;0;0;0;0;0;0;0;0;0;0;0;0
0;0;0;0;0;0;0;0;0;0;0;0;0;0;0;0;0;0;0;0;0;0;0;0;0;0;0;0;0;0;0;0;0;0;0;0;0;0;0;0;0;0;0;0;0;0;0;0;0;0;0;0;0;0;0;0;0;0;0;0;0;0;0;0;0;0;0;0;0
0;0;0;0;0;0;0;0;0;0;0;0;0;0;0;0;0;0;0;0;0;0;0;0;0;0;0;0;0;0;0;0;0;0;0;0;0;0;0;0;0;0;0;0;0;0;0;0;0;0;0;0;0;0;0;0;0;0;0;0;0;0;0;0;0;0;0;0;0
0;0;0;0;0;0;0;0;0;0;0;0;0;0;0;0;0;0;0;0;0;0;0;0;0;0;0;0;0;0;0;0;0;0;0;0;0;0;0;0;0;0;0;0;0;0;0;0;0;0;0;0;0;0;0;0;0;0;0;0;0;0;0;0;0;0;0;0;0
0;0;0;0;0;0;0;0;0;0;0;0;0;0;0;0;0;0;0;0;0;0;0;0;0;0;0;0;0;0;0;0;0;0;0;0;0;0;0;0;0;0;0;0;0;0;0;0;0;0;0;0;0;0;0;0;0;0;0;0;0;0;0;0;0;0;0;0;0
0;0;0;0;0;0;0;0;0;0;0;0;0;0;0;0;0;0;0;0;0;0;0;0;0;0;0;0;0;0;0;0;0;0;0;0;0;0;0;0;0;0;0;0;0;0;0;0;0;0;0;0;0;0;0;0;0;0;0;0;0;0;0;0;0;0;0;0;0
0;0;0;0;0;0;0;0;0;0;0;0;0;0;0;0;0;0;0;0;0;0;0;0;0;0;0;0;0;0;0;0;0;0;0;0;0;0;0;0;0;0;0;0;0;0;0;0;0;0;0;0;0;0;0;0;0;0;0;0;0;0;0;0;0;0;0;0;0
0;0;0;0;0;0;0;0;0;0;0;0;0;0;0;0;0;0;0;0;0;0;0;0;0;0;0;0;0;0;0;0;0;0;0;0;0;0;0;0;0;0;0;0;0;0;0;0;0;0;0;0;0;0;0;0;0;0;0;0;0;0;0;0;0;0;0;0;0
0;0;0;0;0;0;0;0;0;0;0;0;0;0;0;0;0;0;0;0;0;0;0;0;0;0;0;0;0;0;0;0;0;0;0;0;0;0;0;0;0;0;0;0;0;0;0;0;0;0;0;0;0;0;0;0;0;0;0;0;0;0;0;0;0;0;0;0;0
0;0;0;0;0;0;0;0;0;0;0;0;0;0;0;0;0;0;0;0;0;0;0;0;0;0;0;0;0;0;0;0;0;0;0;0;0;0;0;0;0;0;0;0;0;0;0;0;0;0;0;0;0;0;0;0;0;0;0;0;0;0;0;0;0;0;0;0;0
0;0;0;0;0;0;0;0;0;0;0;0;0;0;0;0;0;0;0;0;0;0;0;0;0;0;0;0;0;0;0;0;0;0;0;0;0;0;0;0;0;0;0;0;0;0;0;0;0;0;0;0;0;0;0;0;0;0;0;0;0;0;0;0;0;0;0;0;0
0;0;0;0;0;0;0;0;0;0;0;0;0;0;0;0;0;0;0;0;0;0;0;0;0;0;0;0;0;0;0;0;0;0;0;0;0;0;0;0;0;0;0;0;0;0;0;0;0;0;0;0;0;0;0;0;0;0;0;0;0;0;0;0;0;0;0;0;0
0;0;0;0;0;0;0;0;0;0;0;0;0;0;0;0;0;0;0;0;0;0;0;0;0;0;0;0;0;0;0;0;0;0;0;0;0;0;0;0;0;0;0;0;0;0;0;0;0;0;0;0;0;0;0;0;0;0;0;0;0;0;0;0;0;0;0;0;0
0;0;0;0;0;0;0;0;0;0;0;0;0;0;0;0;0;0;0;0;0;0;0;0;0;0;0;0;0;0;0;0;0;0;0;0;0;0;0;0;0;0;0;0;0;0;0;0;0;0;0;0;0;0;0;0;0;0;0;0;0;0;0;0;0;0;0;0;0
0;0;0;0;0;0;0;0;0;0;0;0;0;0;0;0;0;0;0;0;0;0;0;0;0;0;0;0;0;0;0;0;0;0;0;0;0;0;0;0;0;0;0;0;0;0;0;0;0;0;0;0;0;0;0;0;0;0;0;0;0;0;0;0;0;0;0;0;0
0;0;0;0;0;0;0;0;0;0;0;0;0;0;0;0;0;0;0;0;0;0;0;0;0;0;0;0;0;0;0;0;0;0;0;0;0;0;0;0;0;0;0;0;0;0;0;0;0;0;0;0;0;0;0;0;0;0;0;0;0;0;0;0;0;0;0;0;0
0;0;0;0;0;0;0;0;0;0;0;0;0;0;0;0;0;0;0;0;0;0;0;0;0;0;0;0;0;0;0;0;0;0;0;0;0;0;0;0;0;0;0;0;0;0;0;0;0;0;0;0;0;0;0;0;0;0;0;0;0;0;0;0;0;0;0;0;0
0;0;0;0;0;0;0;0;0;0;0;0;0;0;0;0;0;0;0;0;0;0;0;0;0;0;0;0;0;0;0;0;0;0;0;0;0;0;0;0;0;0;0;0;0;0;0;0;0;0;0;0;0;0;0;0;0;0;0;0;0;0;0;0;0;0;0;0;0
0;0;0;0;0;0;0;0;0;0;0;0;0;0;0;0;0;0;0;0;0;0;0;0;0;0;0;0;0;0;0;0;0;0;0;0;0;0;0;0;0;0;0;0;0;0;0;0;0;0;0;0;0;0;0;0;0;0;0;0;0;0;0;0;0;0;0;0;0
0;0;0;0;0;0;0;0;0;0;0;0;0;0;0;0;0;0;0;0;0;0;0;0;0;0;0;0;0;0;0;0;0;0;0;0;0;0;0;0;0;0;0;0;0;0;0;0;0;0;0;0;0;0;0;0;0;0;0;0;0;0;0;0;0;0;0;0;0
0;0;0;0;0;0;0;0;0;0;0;0;0;0;0;0;0;0;0;0;0;0;0;0;0;0;0;0;0;0;0;0;0;0;0;0;0;0;0;0;0;0;0;0;0;0;0;0;0;0;0;0;0;0;0;0;0;0;0;0;0;0;0;0;0;0;0;0;0
0;0;0;0;0;0;0;0;0;0;0;0;0;0;0;0;0;0;0;0;0;0;0;0;0;0;0;0;0;0;0;0;0;0;0;0;0;0;0;0;0;0;0;0;0;0;0;0;0;0;0;0;0;0;0;0;0;0;0;0;0;0;0;0;0;0;0;0;0
0;0;0;0;0;0;0;0;0;0;0;0;0;0;0;0;0;0;0;0;0;0;0;0;0;0;0;0;0;0;0;0;0;0;0;0;0;0;0;0;0;0;0;0;0;0;0;0;0;0;0;0;0;0;0;0;0;0;0;0;0;0;0;0;0;0;0;0;0
0;0;0;0;0;0;0;0;0;0;0;0;0;0;0;0;0;0;0;0;0;0;0;0;0;0;0;0;0;0;0;0;0;0;0;0;0;0;0;0;0;0;0;0;0;0;0;0;0;0;0;0;0;0;0;0;0;0;0;0;0;0;0;0;0;0;0;0;0
0;0;0;0;0;0;0;0;0;0;0;0;0;0;0;0;0;0;0;0;0;0;0;0;0;0;0;0;0;0;0;0;0;0;0;0;0;0;0;0;0;0;0;0;0;0;0;0;0;0;0;0;0;0;0;0;0;0;0;0;0;0;0;0;0;0;0;0;0
0;0;0;0;0;0;0;0;0;0;0;0;0;0;0;0;0;0;0;0;0;0;0;0;0;0;0;0;0;0;0;0;0;0;0;0;0;0;0;0;0;0;0;0;0;0;0;0;0;0;0;0;0;0;0;0;0;0;0;0;0;0;0;0;0;0;0;0;0
0;0;0;0;0;0;0;0;0;0;0;0;0;0;0;0;0;0;0;0;0;0;0;0;0;0;0;0;0;0;0;0;0;0;0;0;0;0;0;0;0;0;0;0;0;0;0;0;0;0;0;0;0;0;0;0;0;0;0;0;0;0;0;0;0;0;0;0;0
0;0;0;0;0;0;0;0;0;0;0;0;0;0;0;0;0;0;0;0;0;0;0;0;0;0;0;0;0;0;0;0;0;0;0;0;0;0;0;0;0;0;0;0;0;0;0;0;0;0;0;0;0;0;0;0;0;0;0;0;0;0;0;0;0;0;0;0;0
0;0;0;0;0;0;0;0;0;0;0;0;0;0;0;0;0;0;0;0;0;0;0;0;0;0;0;0;0;0;0;0;0;0;0;0;0;0;0;0;0;0;0;0;0;0;0;0;0;0;0;0;0;0;0;0;0;0;0;0;0;0;0;0;0;0;0;0;0
0;0;0;0;0;0;0;0;0;0;0;0;0;0;0;0;0;0;0;0;0;0;0;0;0;0;0;0;0;0;0;0;0;0;0;0;0;0;0;0;0;0;0;0;0;0;0;0;0;0;0;0;0;0;0;0;0;0;0;0;0;0;0;0;0;0;0;0;0
0;0;0;0;0;0;0;0;0;0;0;0;0;0;0;0;0;0;0;0;0;0;0;0;0;0;0;0;0;0;0;0;0;0;0;0;0;0;0;0;0;0;0;0;0;0;0;0;0;0;0;0;0;0;0;0;0;0;0;0;0;0;0;0;0;0;0;0;0
0;0;0;0;0;0;0;0;0;0;0;0;0;0;0;0;0;0;0;0;0;0;0;0;0;0;0;0;0;0;0;0;0;0;0;0;0;0;0;0;0;0;0;0;0;0;0;0;0;0;0;0;0;0;0;0;0;0;0;0;0;0;0;0;0;0;0;0;0
0;0;0;0;0;0;0;0;0;0;0;0;0;0;0;0;0;0;0;0;0;0;0;0;0;0;0;0;0;0;0;0;0;0;0;0;0;0;0;0;0;0;0;0;0;0;0;0;0;0;0;0;0;0;0;0;0;0;0;0;0;0;0;0;0;0;0;0;0
0;0;0;0;0;0;0;0;0;0;0;0;0;0;0;0;0;0;0;0;0;0;0;0;0;0;0;0;0;0;0;0;0;0;0;0;0;0;0;0;0;0;0;0;0;0;0;0;0;0;0;0;0;0;0;0;0;0;0;0;0;0;0;0;0;0;0;0;0
0;0;0;0;0;0;0;0;0;0;0;0;0;0;0;0;0;0;0;0;0;0;0;0;0;0;0;0;0;0;0;0;0;0;0;0;0;0;0;0;0;0;0;0;0;0;0;0;0;0;0;0;0;0;0;0;0;0;0;0;0;0;0;0;0;0;0;0;0
0;0;0;0;0;0;0;0;0;0;0;0;0;0;0;0;0;0;0;0;0;0;0;0;0;0;0;0;0;0;0;0;0;0;0;0;0;0;0;0;0;0;0;0;0;0;0;0;0;0;0;0;0;0;0;0;0;0;0;0;0;0;0;0;0;0;0;0;0
0;0;0;0;0;0;0;0;0;0;0;0;0;0;0;0;0;0;0;0;0;0;0;0;0;0;0;0;0;0;0;0;0;0;0;0;0;0;0;0;0;0;0;0;0;0;0;0;0;0;0;0;0;0;0;0;0;0;0;0;0;0;0;0;0;0;0;0;0
0;0;0;0;0;0;0;0;0;0;0;0;0;0;0;0;0;0;0;0;0;0;0;0;0;0;0;0;0;0;0;0;0;0;0;0;0;0;0;0;0;0;0;0;0;0;0;0;0;0;0;0;0;0;0;0;0;0;0;0;0;0;0;0;0;0;0;0;0
0;0;0;0;0;0;0;0;0;0;0;0;0;0;0;0;0;0;0;0;0;0;0;0;0;0;0;0;0;0;0;0;0;0;0;0;0;0;0;0;0;0;0;0;0;0;0;0;0;0;0;0;0;0;0;0;0;0;0;0;0;0;0;0;0;0;0;0;0
0;0;0;0;0;0;0;0;0;0;0;0;0;0;0;0;0;0;0;0;0;0;0;0;0;0;0;0;0;0;0;0;0;0;0;0;0;0;0;0;0;0;0;0;0;0;0;0;0;0;0;0;0;0;0;0;0;0;0;0;0;0;0;0;0;0;0;0;0
0;0;0;0;0;0;0;0;0;0;0;0;0;0;0;0;0;0;0;0;0;0;0;0;0;0;0;0;0;0;0;0;0;0;0;0;0;0;0;0;0;0;0;0;0;0;0;0;0;0;0;0;0;0;0;0;0;0;0;0;0;0;0;0;0;0;0;0;0
0;0;0;0;0;0;0;0;0;0;0;0;0;0;0;0;0;0;0;0;0;0;0;0;0;0;0;0;0;0;0;0;0;0;0;0;0;0;0;0;0;0;0;0;0;0;0;0;0;0;0;0;0;0;0;0;0;0;0;0;0;0;0;0;0;0;0;0;0
0;0;0;0;0;0;0;0;0;0;0;0;0;0;0;0;0;0;0;0;0;0;0;0;0;0;0;0;0;0;0;0;0;0;0;0;0;0;0;0;0;0;0;0;0;0;0;0;0;0;0;0;0;0;0;0;0;0;0;0;0;0;0;0;0;0;0;0;0
0;0;0;0;0;0;0;0;0;0;0;0;0;0;0;0;0;0;0;0;0;0;0;0;0;0;0;0;0;0;0;0;0;0;0;0;0;0;0;0;0;0;0;0;0;0;0;0;0;0;0;0;0;0;0;0;0;0;0;0;0;0;0;0;0;0;0;0;0
0;0;0;0;0;0;0;0;0;0;0;0;0;0;0;0;0;0;0;0;0;0;0;0;0;0;0;0;0;0;0;0;0;0;0;0;0;0;0;0;0;0;0;0;0;0;0;0;0;0;0;0;0;0;0;0;0;0;0;0;0;0;0;0;0;0;0;0;0
0;0;0;0;0;0;0;0;0;0;0;0;0;0;0;0;0;0;0;0;0;0;0;0;0;0;0;0;0;0;0;0;0;0;0;0;0;0;0;0;0;0;0;0;0;0;0;0;0;0;0;0;0;0;0;0;0;0;0;0;0;0;0;0;0;0;0;0;0
0;0;0;0;0;0;0;0;0;0;0;0;0;0;0;0;0;0;0;0;0;0;0;0;0;0;0;0;0;0;0;0;0;0;0;0;0;0;0;0;0;0;0;0;0;0;0;0;0;0;0;0;0;0;0;0;0;0;0;0;0;0;0;0;0;0;0;0;0
0;0;0;0;0;0;0;0;0;0;0;0;0;0;0;0;0;0;0;0;0;0;0;0;0;0;0;0;0;0;0;0;0;0;0;0;0;0;0;0;0;0;0;0;0;0;0;0;0;0;0;0;0;0;0;0;0;0;0;0;0;0;0;0;0;0;0;0;0
0;0;0;0;0;0;0;0;0;0;0;0;0;0;0;0;0;0;0;0;0;0;0;0;0;0;0;0;0;0;0;0;0;0;0;0;0;0;0;0;0;0;0;0;0;0;0;0;0;0;0;0;0;0;0;0;0;0;0;0;0;0;0;0;0;0;0;0;0
0;0;0;0;0;0;0;0;0;0;0;0;0;0;0;0;0;0;0;0;0;0;0;0;0;0;0;0;0;0;0;0;0;0;0;0;0;0;0;0;0;0;0;0;0;0;0;0;0;0;0;0;0;0;0;0;0;0;0;0;0;0;0;0;0;0;0;0;0
0;0;0;0;0;0;0;0;0;0;0;0;0;0;0;0;0;0;0;0;0;0;0;0;0;0;0;0;0;0;0;0;0;0;0;0;0;0;0;0;0;0;0;0;0;0;0;0;0;0;0;0;0;0;0;0;0;0;0;0;0;0;0;0;0;0;0;0;0
0;0;0;0;0;0;0;0;0;0;0;0;0;0;0;0;0;0;0;0;0;0;0;0;0;0;0;0;0;0;0;0;0;0;0;0;0;0;0;0;0;0;0;0;0;0;0;0;0;0;0;0;0;0;0;0;0;0;0;0;0;0;0;0;0;0;0;0;0
0;0;0;0;0;0;0;0;0;0;0;0;0;0;0;0;0;0;0;0;0;0;0;0;0;0;0;0;0;0;0;0;0;0;0;0;0;0;0;0;0;0;0;0;0;0;0;0;0;0;0;0;0;0;0;0;0;0;0;0;0;0;0;0;0;0;0;0;0
0;0;0;0;0;0;0;0;0;0;0;0;0;0;0;0;0;0;0;0;0;0;0;0;0;0;0;0;0;0;0;0;0;0;0;0;0;0;0;0;0;0;0;0;0;0;0;0;0;0;0;0;0;0;0;0;0;0;0;0;0;0;0;0;0;0;0;0;0
0;0;0;0;0;0;0;0;0;0;0;0;0;0;0;0;0;0;0;0;0;0;0;0;0;0;0;0;0;0;0;0;0;0;0;0;0;0;0;0;0;0;0;0;0;0;0;0;0;0;0;0;0;0;0;0;0;0;0;0;0;0;0;0;0;0;0;0;0
0;0;0;0;0;0;0;0;0;0;0;0;0;0;0;0;0;0;0;0;0;0;0;0;0;0;0;0;0;0;0;0;0;0;0;0;0;0;0;0;0;0;0;0;0;0;0;0;0;0;0;0;0;0;0;0;0;0;0;0;0;0;0;0;0;0;0;0;0
0;0;0;0;0;0;0;0;0;0;0;0;0;0;0;0;0;0;0;0;0;0;0;0;0;0;0;0;0;0;0;0;0;0;0;0;0;0;0;0;0;0;0;0;0;0;0;0;0;0;0;0;0;0;0;0;0;0;0;0;0;0;0;0;0;0;0;0;0
0;0;0;0;0;0;0;0;0;0;0;0;0;0;0;0;0;0;0;0;0;0;0;0;0;0;0;0;0;0;0;0;0;0;0;0;0;0;0;0;0;0;0;0;0;0;0;0;0;0;0;0;0;0;0;0;0;0;0;0;0;0;0;0;0;0;0;0;0
0;0;0;0;0;0;0;0;0;0;0;0;0;0;0;0;0;0;0;0;0;0;0;0;0;0;0;0;0;0;0;0;0;0;0;0;0;0;0;0;0;0;0;0;0;0;0;0;0;0;0;0;0;0;0;0;0;0;0;0;0;0;0;0;0;0;0;0;0
0;0;0;0;0;0;0;0;0;0;0;0;0;0;0;0;0;0;0;0;0;0;0;0;0;0;0;0;0;0;0;0;0;0;0;0;0;0;0;0;0;0;0;0;0;0;0;0;0;0;0;0;0;0;0;0;0;0;0;0;0;0;0;0;0;0;0;0;0
0;0;0;0;0;0;0;0;0;0;0;0;0;0;0;0;0;0;0;0;0;0;0;0;0;0;0;0;0;0;0;0;0;0;0;0;0;0;0;0;0;0;0;0;0;0;0;0;0;0;0;0;0;0;0;0;0;0;0;0;0;0;0;0;0;0;0;0;0
0;0;0;0;0;0;0;0;0;0;0;0;0;0;0;0;0;0;0;0;0;0;0;0;0;0;0;0;0;0;0;0;0;0;0;0;0;0;0;0;0;0;0;0;0;0;0;0;0;0;0;0;0;0;0;0;0;0;0;0;0;0;0;0;0;0;0;0;0
0;0;0;0;0;0;0;0;0;0;0;0;0;0;0;0;0;0;0;0;0;0;0;0;0;0;0;0;0;0;0;0;0;0;0;0;0;0;0;0;0;0;0;0;0;0;0;0;0;0;0;0;0;0;0;0;0;0;0;0;0;0;0;0;0;0;0;0;0
0;0;0;0;0;0;0;0;0;0;0;0;0;0;0;0;0;0;0;0;0;0;0;0;0;0;0;0;0;0;0;0;0;0;0;0;0;0;0;0;0;0;0;0;0;0;0;0;0;0;0;0;0;0;0;0;0;0;0;0;0;0;0;0;0;0;0;0;0
0;0;0;0;0;0;0;0;0;0;0;0;0;0;0;0;0;0;0;0;0;0;0;0;0;0;0;0;0;0;0;0;0;0;0;0;0;0;0;0;0;0;0;0;0;0;0;0;0;0;0;0;0;0;0;0;0;0;0;0;0;0;0;0;0;0;0;0;0
0;0;0;0;0;0;0;0;0;0;0;0;0;0;0;0;0;0;0;0;0;0;0;0;0;0;0;0;0;0;0;0;0;0;0;0;0;0;0;0;0;0;0;0;0;0;0;0;0;0;0;0;0;0;0;0;0;0;0;0;0;0;0;0;0;0;0;0;0
0;0;0;0;0;0;0;0;0;0;0;0;0;0;0;0;0;0;0;0;0;0;0;0;0;0;0;0;0;0;0;0;0;0;0;0;0;0;0;0;0;0;0;0;0;0;0;0;0;0;0;0;0;0;0;0;0;0;0;0;0;0;0;0;0;0;0;0;0
0;0;0;0;0;0;0;0;0;0;0;0;0;0;0;0;0;0;0;0;0;0;0;0;0;0;0;0;0;0;0;0;0;0;0;0;0;0;0;0;0;0;0;0;0;0;0;0;0;0;0;0;0;0;0;0;0;0;0;0;0;0;0;0;0;0;0;0;0
0;0;0;0;0;0;0;0;0;0;0;0;0;0;0;0;0;0;0;0;0;0;0;0;0;0;0;0;0;0;0;0;0;0;0;0;0;0;0;0;0;0;0;0;0;0;0;0;0;0;0;0;0;0;0;0;0;0;0;0;0;0;0;0;0;0;0;0;0
0;0;0;0;0;0;0;0;0;0;0;0;0;0;0;0;0;0;0;0;0;0;0;0;0;0;0;0;0;0;0;0;0;0;0;0;0;0;0;0;0;0;0;0;0;0;0;0;0;0;0;0;0;0;0;0;0;0;0;0;0;0;0;0;0;0;0;0;0
0;0;0;0;0;0;0;0;0;0;0;0;0;0;0;0;0;0;0;0;0;0;0;0;0;0;0;0;0;0;0;0;0;0;0;0;0;0;0;0;0;0;0;0;0;0;0;0;0;0;0;0;0;0;0;0;0;0;0;0;0;0;0;0;0;0;0;0;0
0;0;0;0;0;0;0;0;0;0;0;0;0;0;0;0;0;0;0;0;0;0;0;0;0;0;0;0;0;0;0;0;0;0;0;0;0;0;0;0;0;0;0;0;0;0;0;0;0;0;0;0;0;0;0;0;0;0;0;0;0;0;0;0;0;0;0;0;0
0;0;0;0;0;0;0;0;0;0;0;0;0;0;0;0;0;0;0;0;0;0;0;0;0;0;0;0;0;0;0;0;0;0;0;0;0;0;0;0;0;0;0;0;0;0;0;0;0;0;0;0;0;0;0;0;0;0;0;0;0;0;0;0;0;0;0;0;0
0;0;0;0;0;0;0;0;0;0;0;0;0;0;0;0;0;0;0;0;0;0;0;0;0;0;0;0;0;0;0;0;0;0;0;0;0;0;0;0;0;0;0;0;0;0;0;0;0;0;0;0;0;0;0;0;0;0;0;0;0;0;0;0;0;0;0;0;0
0;0;0;0;0;0;0;0;0;0;0;0;0;0;0;0;0;0;0;0;0;0;0;0;0;0;0;0;0;0;0;0;0;0;0;0;0;0;0;0;0;0;0;0;0;0;0;0;0;0;0;0;0;0;0;0;0;0;0;0;0;0;0;0;0;0;0;0;0
0;0;0;0;0;0;0;0;0;0;0;0;0;0;0;0;0;0;0;0;0;0;0;0;0;0;0;0;0;0;0;0;0;0;0;0;0;0;0;0;0;0;0;0;0;0;0;0;0;0;0;0;0;0;0;0;0;0;0;0;0;0;0;0;0;0;0;0;0
0;0;0;0;0;0;0;0;0;0;0;0;0;0;0;0;0;0;0;0;0;0;0;0;0;0;0;0;0;0;0;0;0;0;0;0;0;0;0;0;0;0;0;0;0;0;0;0;0;0;0;0;0;0;0;0;0;0;0;0;0;0;0;0;0;0;0;0;0
0;0;0;0;0;0;0;0;0;0;0;0;0;0;0;0;0;0;0;0;0;0;0;0;0;0;0;0;0;0;0;0;0;0;0;0;0;0;0;0;0;0;0;0;0;0;0;0;0;0;0;0;0;0;0;0;0;0;0;0;0;0;0;0;0;0;0;0;0
0;0;0;0;0;0;0;0;0;0;0;0;0;0;0;0;0;0;0;0;0;0;0;0;0;0;0;0;0;0;0;0;0;0;0;0;0;0;0;0;0;0;0;0;0;0;0;0;0;0;0;0;0;0;0;0;0;0;0;0;0;0;0;0;0;0;0;0;0
0;0;0;0;0;0;0;0;0;0;0;0;0;0;0;0;0;0;0;0;0;0;0;0;0;0;0;0;0;0;0;0;0;0;0;0;0;0;0;0;0;0;0;0;0;0;0;0;0;0;0;0;0;0;0;0;0;0;0;0;0;0;0;0;0;0;0;0;0
0;0;0;0;0;0;0;0;0;0;0;0;0;0;0;0;0;0;0;0;0;0;0;0;0;0;0;0;0;0;0;0;0;0;0;0;0;0;0;0;0;0;0;0;0;0;0;0;0;0;0;0;0;0;0;0;0;0;0;0;0;0;0;0;0;0;0;0;0
0;0;0;0;0;0;0;0;0;0;0;0;0;0;0;0;0;0;0;0;0;0;0;0;0;0;0;0;0;0;0;0;0;0;0;0;0;0;0;0;0;0;0;0;0;0;0;0;0;0;0;0;0;0;0;0;0;0;0;0;0;0;0;0;0;0;0;0;0
0;0;0;0;0;0;0;0;0;0;0;0;0;0;0;0;0;0;0;0;0;0;0;0;0;0;0;0;0;0;0;0;0;0;0;0;0;0;0;0;0;0;0;0;0;0;0;0;0;0;0;0;0;0;0;0;0;0;0;0;0;0;0;0;0;0;0;0;0
0;0;0;0;0;0;0;0;0;0;0;0;0;0;0;0;0;0;0;0;0;0;0;0;0;0;0;0;0;0;0;0;0;0;0;0;0;0;0;0;0;0;0;0;0;0;0;0;0;0;0;0;0;0;0;0;0;0;0;0;0;0;0;0;0;0;0;0;0
0;0;0;0;0;0;0;0;0;0;0;0;0;0;0;0;0;0;0;0;0;0;0;0;0;0;0;0;0;0;0;0;0;0;0;0;0;0;0;0;0;0;0;0;0;0;0;0;0;0;0;0;0;0;0;0;0;0;0;0;0;0;0;0;0;0;0;0;0
0;0;0;0;0;0;0;0;0;0;0;0;0;0;0;0;0;0;0;0;0;0;0;0;0;0;0;0;0;0;0;0;0;0;0;0;0;0;0;0;0;0;0;0;0;0;0;0;0;0;0;0;0;0;0;0;0;0;0;0;0;0;0;0;0;0;0;0;0
0;0;0;0;0;0;0;0;0;0;0;0;0;0;0;0;0;0;0;0;0;0;0;0;0;0;0;0;0;0;0;0;0;0;0;0;0;0;0;0;0;0;0;0;0;0;0;0;0;0;0;0;0;0;0;0;0;0;0;0;0;0;0;0;0;0;0;0;0
0;0;0;0;0;0;0;0;0;0;0;0;0;0;0;0;0;0;0;0;0;0;0;0;0;0;0;0;0;0;0;0;0;0;0;0;0;0;0;0;0;0;0;0;0;0;0;0;0;0;0;0;0;0;0;0;0;0;0;0;0;0;0;0;0;0;0;0;0
0;0;0;0;0;0;0;0;0;0;0;0;0;0;0;0;0;0;0;0;0;0;0;0;0;0;0;0;0;0;0;0;0;0;0;0;0;0;0;0;0;0;0;0;0;0;0;0;0;0;0;0;0;0;0;0;0;0;0;0;0;0;0;0;0;0;0;0;0
0;0;0;0;0;0;0;0;0;0;0;0;0;0;0;0;0;0;0;0;0;0;0;0;0;0;0;0;0;0;0;0;0;0;0;0;0;0;0;0;0;0;0;0;0;0;0;0;0;0;0;0;0;0;0;0;0;0;0;0;0;0;0;0;0;0;0;0;0
0;0;0;0;0;0;0;0;0;0;0;0;0;0;0;0;0;0;0;0;0;0;0;0;0;0;0;0;0;0;0;0;0;0;0;0;0;0;0;0;0;0;0;0;0;0;0;0;0;0;0;0;0;0;0;0;0;0;0;0;0;0;0;0;0;0;0;0;0
0;0;0;0;0;0;0;0;0;0;0;0;0;0;0;0;0;0;0;0;0;0;0;0;0;0;0;0;0;0;0;0;0;0;0;0;0;0;0;0;0;0;0;0;0;0;0;0;0;0;0;0;0;0;0;0;0;0;0;0;0;0;0;0;0;0;0;0;0
0;0;0;0;0;0;0;0;0;0;0;0;0;0;0;0;0;0;0;0;0;0;0;0;0;0;0;0;0;0;0;0;0;0;0;0;0;0;0;0;0;0;0;0;0;0;0;0;0;0;0;0;0;0;0;0;0;0;0;0;0;0;0;0;0;0;0;0;0
0;0;0;0;0;0;0;0;0;0;0;0;0;0;0;0;0;0;0;0;0;0;0;0;0;0;0;0;0;0;0;0;0;0;0;0;0;0;0;0;0;0;0;0;0;0;0;0;0;0;0;0;0;0;0;0;0;0;0;0;0;0;0;0;0;0;0;0;0
0;0;0;0;0;0;0;0;0;0;0;0;0;0;0;0;0;0;0;0;0;0;0;0;0;0;0;0;0;0;0;0;0;0;0;0;0;0;0;0;0;0;0;0;0;0;0;0;0;0;0;0;0;0;0;0;0;0;0;0;0;0;0;0;0;0;0;0;0
0;0;0;0;0;0;0;0;0;0;0;0;0;0;0;0;0;0;0;0;0;0;0;0;0;0;0;0;0;0;0;0;0;0;0;0;0;0;0;0;0;0;0;0;0;0;0;0;0;0;0;0;0;0;0;0;0;0;0;0;0;0;0;0;0;0;0;0;0
0;0;0;0;0;0;0;0;0;0;0;0;0;0;0;0;0;0;0;0;0;0;0;0;0;0;0;0;0;0;0;0;0;0;0;0;0;0;0;0;0;0;0;0;0;0;0;0;0;0;0;0;0;0;0;0;0;0;0;0;0;0;0;0;0;0;0;0;0
0;0;0;0;0;0;0;0;0;0;0;0;0;0;0;0;0;0;0;0;0;0;0;0;0;0;0;0;0;0;0;0;0;0;0;0;0;0;0;0;0;0;0;0;0;0;0;0;0;0;0;0;0;0;0;0;0;0;0;0;0;0;0;0;0;0;0;0;0
0;0;0;0;0;0;0;0;0;0;0;0;0;0;0;0;0;0;0;0;0;0;0;0;0;0;0;0;0;0;0;0;0;0;0;0;0;0;0;0;0;0;0;0;0;0;0;0;0;0;0;0;0;0;0;0;0;0;0;0;0;0;0;0;0;0;0;0;0
0;0;0;0;0;0;0;0;0;0;0;0;0;0;0;0;0;0;0;0;0;0;0;0;0;0;0;0;0;0;0;0;0;0;0;0;0;0;0;0;0;0;0;0;0;0;0;0;0;0;0;0;0;0;0;0;0;0;0;0;0;0;0;0;0;0;0;0;0
0;0;0;0;0;0;0;0;0;0;0;0;0;0;0;0;0;0;0;0;0;0;0;0;0;0;0;0;0;0;0;0;0;0;0;0;0;0;0;0;0;0;0;0;0;0;0;0;0;0;0;0;0;0;0;0;0;0;0;0;0;0;0;0;0;0;0;0;0
0;0;0;0;0;0;0;0;0;0;0;0;0;0;0;0;0;0;0;0;0;0;0;0;0;0;0;0;0;0;0;0;0;0;0;0;0;0;0;0;0;0;0;0;0;0;0;0;0;0;0;0;0;0;0;0;0;0;0;0;0;0;0;0;0;0;0;0;0
